transaction_id,customer_id,date,amount,merchant_city,merchant_state,mcc,transaction_type,errors
7475327,CUST_00027,2010-01-01 00:01:00,-77.0,Beulah,ND,5499,food,
7475328,CUST_00233,2010-01-01 00:02:00,14.57,Bettendorf,IA,5311,shopping,
7475329,CUST_00197,2010-01-01 00:02:00,80.0,Vista,CA,4829,utilities,
7475331,CUST_00132,2010-01-01 00:05:00,200.0,Crown Point,IN,4829,utilities,
7475332,CUST_00130,2010-01-01 00:06:00,46.41,Harwood,MD,5813,entertainment,
7475333,CUST_00258,2010-01-01 00:07:00,4.81,Bronx,NY,5942,shopping,
7475334,CUST_00027,2010-01-01 00:09:00,77.0,Beulah,ND,5499,food,
7475335,CUST_00026,2010-01-01 00:14:00,26.46,ONLINE,,4784,travel,
7475336,CUST_00210,2010-01-01 00:21:00,261.58,ONLINE,,7801,entertainment,
7475337,CUST_00061,2010-01-01 00:21:00,10.74,Flushing,NY,5813,entertainment,
7475338,CUST_00029,2010-01-01 00:23:00,3.51,Pearland,TX,5311,shopping,
7475339,CUST_00158,2010-01-01 00:23:00,2.58,Brooklyn,NY,5411,food,
7475340,CUST_00027,2010-01-01 00:26:00,39.63,Beulah,ND,5499,food,
7475341,CUST_00293,2010-01-01 00:27:00,43.33,Kahului,HI,4121,travel,
7475342,CUST_00221,2010-01-01 00:30:00,49.42,North Hollywood,CA,5541,fuel,
7475343,CUST_00229,2010-01-01 00:31:00,1.09,San Benito,TX,5942,shopping,
7475344,CUST_00216,2010-01-01 00:32:00,73.79,Erie,PA,7538,purchase,
7475345,CUST_00197,2010-01-01 00:32:00,100.0,Vista,CA,4829,utilities,
7475346,CUST_00236,2010-01-01 00:34:00,26.04,ONLINE,,4784,travel,
7475347,CUST_00221,2010-01-01 00:36:00,-64.0,North Hollywood,CA,5541,fuel,
7475348,CUST_00154,2010-01-01 00:36:00,54.27,Cedar Park,TX,5813,entertainment,
7475349,CUST_00039,2010-01-01 00:37:00,20.74,Grand Forks,ND,5411,food,
7475350,CUST_00221,2010-01-01 00:38:00,64.0,North Hollywood,CA,5541,fuel,
7475351,CUST_00252,2010-01-01 00:38:00,57.54,Menasha,WI,5300,shopping,
7475353,CUST_00136,2010-01-01 00:43:00,10.17,ONLINE,,4784,travel,
7475354,CUST_00151,2010-01-01 00:43:00,12.01,Cordele,GA,5921,shopping,
7475356,CUST_00112,2010-01-01 00:45:00,16.86,ONLINE,,4121,travel,
7475357,CUST_00055,2010-01-01 00:46:00,4.64,Mobile,AL,5411,food,
7475358,CUST_00279,2010-01-01 00:48:00,669.88,West Covina,CA,3174,travel,
7475359,CUST_00235,2010-01-01 00:48:00,22.57,ONLINE,,4784,travel,
7475360,CUST_00194,2010-01-01 00:49:00,2.4,East Hartford,CT,5411,food,
7475361,CUST_00121,2010-01-01 00:53:00,40.35,Vacaville,CA,5814,food,
7475362,CUST_00247,2010-01-01 00:56:00,14.57,Tacoma,WA,5921,shopping,
7475363,CUST_00164,2010-01-01 00:57:00,7.8,Watsonville,CA,5310,shopping,
7475364,CUST_00134,2010-01-01 00:57:00,2.95,Woburn,MA,5541,fuel,
7475365,CUST_00136,2010-01-01 01:01:00,270.22,ONLINE,,4814,utilities,
7475366,CUST_00069,2010-01-01 01:03:00,78.0,Grand Junction,CO,5499,food,
7475367,CUST_00028,2010-01-01 01:06:00,87.09,ONLINE,,4900,utilities,
7475368,CUST_00167,2010-01-01 01:07:00,148.39,Morristown,NJ,4900,utilities,
7475370,CUST_00121,2010-01-01 01:07:00,48.12,Vacaville,CA,5812,food,
7475371,CUST_00233,2010-01-01 01:08:00,7.75,Burlington,IA,5813,entertainment,
7475372,CUST_00112,2010-01-01 01:11:00,14.66,ONLINE,,4121,travel,
7475373,CUST_00267,2010-01-01 01:11:00,3.96,Manasquan,NJ,5812,food,
7475374,CUST_00026,2010-01-01 01:13:00,12.67,ONLINE,,4784,travel,
7475376,CUST_00020,2010-01-01 01:19:00,580.98,Thackerville,OK,7995,entertainment,
7475377,CUST_00258,2010-01-01 01:19:00,10.34,Laurel,MT,5813,entertainment,
7475378,CUST_00249,2010-01-01 01:19:00,17.14,Osprey,FL,4121,travel,
7475379,CUST_00084,2010-01-01 01:22:00,1.85,Garden City,NY,5499,food,
7475380,CUST_00069,2010-01-01 01:23:00,71.72,Grand Junction,CO,5499,food,
7475381,CUST_00132,2010-01-01 01:25:00,200.0,Crown Point,IN,4829,utilities,
7475382,CUST_00069,2010-01-01 01:25:00,-78.0,Grand Junction,CO,5499,food,
7475383,CUST_00247,2010-01-01 01:30:00,23.08,Tacoma,WA,5813,entertainment,
7475385,CUST_00190,2010-01-01 01:37:00,40.0,Pinetop,AZ,4829,utilities,
7475388,CUST_00050,2010-01-01 01:40:00,2.43,Ukiah,CA,5411,food,
7475389,CUST_00228,2010-01-01 01:40:00,3.77,Lexington,KY,5942,shopping,
7475390,CUST_00211,2010-01-01 01:41:00,3.29,Lake Charles,LA,5812,food,
7475391,CUST_00107,2010-01-01 01:41:00,62.98,ONLINE,,4900,utilities,
7475394,CUST_00249,2010-01-01 01:46:00,34.34,ONLINE,,4121,travel,
7475395,CUST_00021,2010-01-01 01:47:00,73.46,Fontana,CA,7995,entertainment,
7475396,CUST_00292,2010-01-01 01:48:00,9.16,Modesto,CA,5813,entertainment,
7475397,CUST_00020,2010-01-01 01:48:00,541.29,Arlington Heights,IL,7802,entertainment,
7475398,CUST_00134,2010-01-01 01:53:00,30.69,Newark,NJ,7538,purchase,
7475399,CUST_00268,2010-01-01 01:54:00,177.41,Muscle Shoals,AL,4814,utilities,
7475400,CUST_00204,2010-01-01 01:54:00,14.2,San Francisco,CA,5300,shopping,
7475401,CUST_00234,2010-01-01 01:54:00,119.23,ONLINE,,4900,utilities,
7475402,CUST_00151,2010-01-01 01:55:00,10.61,Dublin,GA,5912,utilities,
7475403,CUST_00228,2010-01-01 01:56:00,52.98,ONLINE,,4784,travel,
7475404,CUST_00267,2010-01-01 01:56:00,3.35,Manasquan,NJ,5812,food,
7475406,CUST_00059,2010-01-01 01:58:00,39.05,Cleveland,OH,5813,entertainment,
7475407,CUST_00110,2010-01-01 02:00:00,6.79,Saint Louis,MO,5541,fuel,
7475410,CUST_00141,2010-01-01 02:05:00,100.0,Grand Rapids,MI,4829,utilities,
7475411,CUST_00150,2010-01-01 02:05:00,196.22,Middletown,NY,7011,travel,
7475412,CUST_00014,2010-01-01 02:06:00,3.83,Colwich,KS,5411,food,
7475413,CUST_00164,2010-01-01 02:07:00,1.87,Gonzales,TX,5912,utilities,
7475414,CUST_00047,2010-01-01 02:08:00,6.63,Tacoma,WA,5814,food,
7475415,CUST_00224,2010-01-01 02:08:00,8.3,Canton,MA,5499,food,
7475416,CUST_00228,2010-01-01 02:09:00,2.75,Lexington,KY,5411,food,
7475417,CUST_00205,2010-01-01 02:11:00,4.07,Sacramento,CA,5541,fuel,
7475419,CUST_00277,2010-01-01 02:12:00,2.31,Seligman,AZ,5411,food,
7475420,CUST_00252,2010-01-01 02:13:00,0.21,Menasha,WI,5541,fuel,
7475421,CUST_00020,2010-01-01 02:13:00,396.03,Thackerville,OK,7995,entertainment,
7475422,CUST_00150,2010-01-01 02:13:00,-460.0,Middletown,NY,7011,travel,
7475423,CUST_00224,2010-01-01 02:14:00,91.02,Williston Park,NY,5812,food,
7475424,CUST_00110,2010-01-01 02:15:00,3.68,Cohasset,MA,5812,food,
7475425,CUST_00291,2010-01-01 02:16:00,38.11,ONLINE,,4900,utilities,
7475426,CUST_00124,2010-01-01 02:17:00,25.97,Canton,MI,5813,entertainment,
7475427,CUST_00098,2010-01-01 02:17:00,66.05,ONLINE,,4784,travel,
7475429,CUST_00272,2010-01-01 02:22:00,33.02,Bullock,NC,4900,utilities,
7475430,CUST_00112,2010-01-01 02:22:00,103.97,Markesan,WI,4900,utilities,
7475431,CUST_00023,2010-01-01 02:25:00,2.33,Dallas,TX,5541,fuel,
7475432,CUST_00141,2010-01-01 02:25:00,51.58,ONLINE,,5192,purchase,
7475434,CUST_00239,2010-01-01 02:28:00,57.43,Grain Valley,MO,5812,food,
7475435,CUST_00050,2010-01-01 02:31:00,2.87,Ukiah,CA,5541,fuel,
7475436,CUST_00057,2010-01-01 02:32:00,27.63,Miami,FL,5812,food,
7475437,CUST_00139,2010-01-01 02:33:00,76.76,Waianae,HI,5912,utilities,
7475438,CUST_00039,2010-01-01 02:35:00,9.1,Amherst,OH,5814,food,
7475439,CUST_00206,2010-01-01 02:35:00,0.75,Burlingame,CA,5411,food,
7475440,CUST_00143,2010-01-01 02:39:00,160.0,Boulder Creek,CA,4829,utilities,
7475441,CUST_00100,2010-01-01 02:40:00,28.21,Chicago,IL,5912,utilities,
7475442,CUST_00069,2010-01-01 02:40:00,44.86,Fayetteville,AR,7393,purchase,
7475443,CUST_00170,2010-01-01 02:44:00,57.73,Holly Springs,NC,5651,shopping,
7475444,CUST_00201,2010-01-01 02:45:00,6.52,Alhambra,CA,5411,food,
7475446,CUST_00283,2010-01-01 02:48:00,4.04,Saint Charles,IL,5812,food,
7475447,CUST_00132,2010-01-01 02:51:00,3.93,Woodbury,TN,5541,fuel,
7475449,CUST_00277,2010-01-01 02:51:00,5.12,Seligman,AZ,5411,food,
7475450,CUST_00049,2010-01-01 02:52:00,19.15,Terre Haute,IN,5651,shopping,
7475452,CUST_00250,2010-01-01 02:57:00,58.85,Big Bear Lake,CA,5300,shopping,
7475453,CUST_00189,2010-01-01 02:57:00,2.77,Sutersville,PA,5411,food,
7475454,CUST_00211,2010-01-01 02:57:00,2.75,Albuquerque,NM,5411,food,
7475455,CUST_00224,2010-01-01 02:59:00,115.37,Williston Park,NY,5814,food,
7475456,CUST_00030,2010-01-01 03:02:00,77.7,Somerset,NJ,5300,shopping,
7475457,CUST_00094,2010-01-01 03:03:00,120.87,Huntington Station,NY,5541,fuel,
7475458,CUST_00124,2010-01-01 03:06:00,23.86,Canton,MI,5813,entertainment,
7475459,CUST_00231,2010-01-01 03:08:00,11.18,Sumter,SC,5813,entertainment,
7475460,CUST_00250,2010-01-01 03:08:00,-147.0,Marysville,OH,3780,travel,
7475461,CUST_00132,2010-01-01 03:09:00,3.92,Whites Creek,TN,5814,food,
7475462,CUST_00049,2010-01-01 03:09:00,27.29,Terre Haute,IN,5651,shopping,
7475463,CUST_00131,2010-01-01 03:11:00,40.89,ONLINE,,7922,entertainment,
7475464,CUST_00250,2010-01-01 03:13:00,14.21,Marysville,OH,3780,travel,
7475465,CUST_00242,2010-01-01 03:16:00,24.47,Oak Park,MN,5813,entertainment,
7475466,CUST_00253,2010-01-01 03:17:00,29.6,Fresno,CA,4814,utilities,
7475467,CUST_00117,2010-01-01 03:17:00,22.77,Lombard,IL,5814,food,
7475468,CUST_00252,2010-01-01 03:20:00,58.47,ONLINE,,7922,entertainment,
7475469,CUST_00228,2010-01-01 03:23:00,37.09,Lexington,KY,5813,entertainment,
7475470,CUST_00270,2010-01-01 03:26:00,11.44,Garland,TX,5411,food,
7475471,CUST_00087,2010-01-01 03:27:00,4.78,New Rochelle,NY,5411,food,
7475473,CUST_00250,2010-01-01 03:29:00,35.23,Big Bear Lake,CA,5651,shopping,
7475474,CUST_00072,2010-01-01 03:32:00,102.27,Pittsburgh,PA,4900,utilities,
7475475,CUST_00205,2010-01-01 03:32:00,3.58,Waukegan,IL,5814,food,
7475476,CUST_00192,2010-01-01 03:32:00,14.36,Nazareth,PA,5411,food,
7475477,CUST_00042,2010-01-01 03:36:00,176.44,Lafayette,CO,5912,utilities,
7475478,CUST_00250,2010-01-01 03:49:00,120.0,Belleville,IL,4829,utilities,
7475479,CUST_00087,2010-01-01 03:51:00,4.39,New Rochelle,NY,5411,food,
7475480,CUST_00060,2010-01-01 03:52:00,6.72,Manhattan Beach,CA,5411,food,
7475481,CUST_00242,2010-01-01 03:52:00,13.79,Campbell,TX,5310,shopping,
7475482,CUST_00291,2010-01-01 03:53:00,63.5,Rockingham,NC,5651,shopping,
7475483,CUST_00003,2010-01-01 03:56:00,59.44,Withee,WI,7538,purchase,
7475485,CUST_00240,2010-01-01 03:57:00,15.89,ONLINE,,5815,food,
7475486,CUST_00237,2010-01-01 04:01:00,96.63,Ottumwa,IA,5912,utilities,
7475487,CUST_00235,2010-01-01 04:05:00,93.13,Dallas,TX,4900,utilities,
7475488,CUST_00200,2010-01-01 04:06:00,31.5,Eastman,GA,5310,shopping,
7475489,CUST_00142,2010-01-01 04:13:00,1.62,Jasper,IN,5942,shopping,
7475490,CUST_00212,2010-01-01 04:14:00,20.86,ONLINE,,4784,travel,
7475491,CUST_00084,2010-01-01 04:17:00,7.71,ONLINE,,4784,travel,
7475492,CUST_00242,2010-01-01 04:17:00,33.19,Oak Park,MN,5813,entertainment,
7475493,CUST_00235,2010-01-01 04:18:00,108.13,Church Hill,TN,5411,food,
7475494,CUST_00167,2010-01-01 04:21:00,166.34,ONLINE,,4899,utilities,
7475495,CUST_00138,2010-01-01 04:21:00,14.5,Jamaica,NY,5912,utilities,
7475496,CUST_00189,2010-01-01 04:22:00,3.36,Slovan,PA,5411,food,
7475497,CUST_00152,2010-01-01 04:25:00,2.56,Weatherford,TX,5812,food,
7475498,CUST_00171,2010-01-01 04:27:00,55.79,Brooklyn,NY,7538,purchase,
7475499,CUST_00012,2010-01-01 04:28:00,174.06,North Little Rock,AR,5541,fuel,
7475500,CUST_00042,2010-01-01 04:30:00,54.98,ONLINE,,4814,utilities,
7475501,CUST_00074,2010-01-01 04:31:00,22.23,ONLINE,,4121,travel,
7475502,CUST_00035,2010-01-01 04:31:00,60.0,Suring,WI,4829,utilities,
7475505,CUST_00132,2010-01-01 04:38:00,60.09,Hillsborough,NC,5651,shopping,
7475506,CUST_00201,2010-01-01 04:38:00,74.76,Danbury,CT,7538,purchase,
7475507,CUST_00197,2010-01-01 04:39:00,29.93,Fort Lauderdale,FL,5912,utilities,
7475508,CUST_00258,2010-01-01 04:44:00,119.42,Bronx,NY,4900,utilities,
7475509,CUST_00142,2010-01-01 04:45:00,46.21,ONLINE,,4784,travel,
7475510,CUST_00197,2010-01-01 04:49:00,26.38,ONLINE,,4784,travel,
7475511,CUST_00257,2010-01-01 04:49:00,67.09,Arlington Heights,IL,7802,entertainment,
7475512,CUST_00170,2010-01-01 04:51:00,1.14,Los Angeles,CA,5499,food,
7475513,CUST_00024,2010-01-01 04:52:00,69.85,Waupaca,WI,5300,shopping,
7475514,CUST_00230,2010-01-01 04:54:00,8.73,Spring Creek,NV,5411,food,
7475515,CUST_00173,2010-01-01 04:54:00,104.4,Orlando,FL,7538,purchase,
7475516,CUST_00173,2010-01-01 04:56:00,104.1,Orlando,FL,7538,purchase,Technical Glitch
7475517,CUST_00191,2010-01-01 04:58:00,79.7,Kissimmee,FL,5300,shopping,
7475518,CUST_00170,2010-01-01 04:58:00,2.68,Philadelphia,PA,5499,food,
7475519,CUST_00167,2010-01-01 05:04:00,46.05,ONLINE,,4784,travel,
7475520,CUST_00028,2010-01-01 05:05:00,185.6,ONLINE,,7922,entertainment,
7475521,CUST_00035,2010-01-01 05:09:00,60.0,Suring,WI,4829,utilities,
7475522,CUST_00168,2010-01-01 05:10:00,60.0,Jacksonville,FL,4829,utilities,
7475523,CUST_00239,2010-01-01 05:10:00,11.78,San Diego,CA,5813,entertainment,
7475524,CUST_00092,2010-01-01 05:12:00,4.43,ONLINE,,4784,travel,
7475525,CUST_00181,2010-01-01 05:12:00,18.24,Clayton,NC,7230,travel,
7475526,CUST_00010,2010-01-01 05:15:00,140.0,Billings,OK,4829,utilities,
7475527,CUST_00105,2010-01-01 05:15:00,6.76,Hawarden,IA,5541,fuel,
7475528,CUST_00132,2010-01-01 05:16:00,4.22,Clinton,TN,5912,utilities,
7475529,CUST_00272,2010-01-01 05:19:00,67.25,Bunn,NC,5655,shopping,
7475531,CUST_00295,2010-01-01 05:20:00,48.76,Fond Du Lac,WI,5732,shopping,
7475532,CUST_00065,2010-01-01 05:24:00,8.84,Columbus,OH,5813,entertainment,
7475533,CUST_00083,2010-01-01 05:26:00,36.53,Wilkes Barre,PA,5813,entertainment,
7475534,CUST_00123,2010-01-01 05:30:00,41.3,ONLINE,,4900,utilities,
7475535,CUST_00100,2010-01-01 05:33:00,16.71,Chicago,IL,7538,purchase,
7475537,CUST_00298,2010-01-01 05:36:00,3.03,Oceanside,CA,5812,food,
7475538,CUST_00257,2010-01-01 05:38:00,6.83,Wister,OK,5812,food,
7475539,CUST_00011,2010-01-01 05:38:00,4.02,Merritt Island,FL,5812,food,
7475540,CUST_00071,2010-01-01 05:38:00,0.18,Manahawkin,NJ,5499,food,
7475541,CUST_00247,2010-01-01 05:40:00,80.0,Brighton,CO,4829,utilities,
7475542,CUST_00018,2010-01-01 05:40:00,1.98,Mecosta,MI,5411,food,
7475543,CUST_00257,2010-01-01 05:41:00,66.98,Elk Grove Village,IL,5812,food,
7475544,CUST_00240,2010-01-01 05:43:00,2.91,Elizabeth,NJ,5411,food,
7475545,CUST_00085,2010-01-01 05:43:00,16.16,Springfield,KY,5812,food,
7475546,CUST_00167,2010-01-01 05:43:00,46.01,ONLINE,,4784,travel,
7475547,CUST_00276,2010-01-01 05:46:00,1.0,Dryden,NY,5499,food,
7475548,CUST_00098,2010-01-01 05:46:00,11.91,Nashport,OH,5912,utilities,
7475551,CUST_00089,2010-01-01 05:48:00,115.82,Plattekill,NY,5541,fuel,
7475552,CUST_00131,2010-01-01 05:48:00,34.46,Minneapolis,MN,5813,entertainment,
7475555,CUST_00199,2010-01-01 05:49:00,1.4,Medford,OR,5411,food,
7475556,CUST_00038,2010-01-01 05:51:00,91.13,Renfrew,PA,5812,food,
7475557,CUST_00168,2010-01-01 05:51:00,16.67,Milpitas,CA,5310,shopping,
7475559,CUST_00152,2010-01-01 05:52:00,10.45,ONLINE,,7801,entertainment,
7475561,CUST_00168,2010-01-01 05:53:00,1.88,Milpitas,CA,5411,food,
7475562,CUST_00236,2010-01-01 05:55:00,262.47,South Ozone Park,NY,7802,entertainment,
7475563,CUST_00299,2010-01-01 05:55:00,3.4,Skokie,IL,5812,food,
7475564,CUST_00200,2010-01-01 05:56:00,2.98,Colton,CA,5812,food,
7475565,CUST_00123,2010-01-01 05:56:00,10.79,Beaverton,OR,5812,food,
7475566,CUST_00122,2010-01-01 05:57:00,300.48,Woodbridge,VA,5932,shopping,
7475567,CUST_00126,2010-01-01 05:57:00,61.86,ONLINE,,4784,travel,
7475568,CUST_00245,2010-01-01 05:57:00,3.29,Lady Lake,FL,5499,food,
7475569,CUST_00097,2010-01-01 05:59:00,9.84,Mentor,OH,5812,food,
7475570,CUST_00200,2010-01-01 06:00:00,43.13,Macon,GA,5970,shopping,
7475571,CUST_00087,2010-01-01 06:00:00,3.41,Yonkers,NY,5411,food,
7475572,CUST_00051,2010-01-01 06:01:00,12.81,ONLINE,,4784,travel,
7475573,CUST_00101,2010-01-01 06:01:00,95.0,Narberth,PA,5499,food,
7475574,CUST_00228,2010-01-01 06:01:00,2.12,Columbus,OH,5411,food,
7475575,CUST_00130,2010-01-01 06:01:00,60.37,Harwood,MD,7538,purchase,
7475576,CUST_00007,2010-01-01 06:01:00,41.95,Arlington Heights,IL,7802,entertainment,
7475577,CUST_00235,2010-01-01 06:01:00,36.92,Dallas,TX,5912,utilities,
7475578,CUST_00032,2010-01-01 06:02:00,14.67,ONLINE,,4784,travel,
7475579,CUST_00010,2010-01-01 06:02:00,100.0,Billings,OK,4829,utilities,
7475580,CUST_00028,2010-01-01 06:02:00,3.98,Pompano Beach,FL,5411,food,
7475582,CUST_00232,2010-01-01 06:03:00,3.33,Phoenix,AZ,5942,shopping,
7475584,CUST_00217,2010-01-01 06:03:00,33.64,Wynnewood,PA,5912,utilities,
7475585,CUST_00210,2010-01-01 06:03:00,78.05,Chicago,IL,7538,purchase,
7475586,CUST_00011,2010-01-01 06:03:00,9.68,ONLINE,,4784,travel,
7475588,CUST_00139,2010-01-01 06:04:00,64.39,Puyallup,WA,5499,food,
7475589,CUST_00216,2010-01-01 06:05:00,8.73,Louisville,OH,5541,fuel,
7475590,CUST_00049,2010-01-01 06:06:00,2.13,Lake Havasu City,AZ,5411,food,
7475591,CUST_00271,2010-01-01 06:06:00,35.9,Chula Vista,CA,4121,travel,
7475592,CUST_00151,2010-01-01 06:07:00,23.61,ONLINE,,4784,travel,
7475594,CUST_00282,2010-01-01 06:07:00,2.72,Carmel,CA,5411,food,
7475595,CUST_00046,2010-01-01 06:07:00,66.0,Franklin,TN,5499,food,
7475596,CUST_00150,2010-01-01 06:07:00,1.54,Hollywood,FL,5411,food,
7475598,CUST_00209,2010-01-01 06:07:00,10.02,Tucson,AZ,5813,entertainment,
7475599,CUST_00149,2010-01-01 06:08:00,4.04,Fullerton,CA,5812,food,
7475600,CUST_00097,2010-01-01 06:08:00,5.41,Mentor,OH,5812,food,
7475601,CUST_00134,2010-01-01 06:08:00,42.28,ONLINE,,4784,travel,
7475602,CUST_00268,2010-01-01 06:09:00,113.09,Russellville,AL,7538,purchase,
7475603,CUST_00050,2010-01-01 06:09:00,1.33,Gwynn Oak,MD,5499,food,
7475604,CUST_00115,2010-01-01 06:09:00,7.09,Hurst,TX,5812,food,
7475605,CUST_00092,2010-01-01 06:09:00,2.38,Claypool,IN,5411,food,
7475606,CUST_00072,2010-01-01 06:10:00,6.89,Mesilla Park,NM,5812,food,
7475607,CUST_00091,2010-01-01 06:10:00,189.29,ONLINE,,4722,travel,
7475608,CUST_00206,2010-01-01 06:10:00,140.0,Boston,MA,4829,utilities,
7475609,CUST_00190,2010-01-01 06:10:00,144.68,Pahrump,NV,4900,utilities,
7475610,CUST_00183,2010-01-01 06:10:00,1.33,Lebanon,MO,5499,food,
7475611,CUST_00293,2010-01-01 06:10:00,28.84,ONLINE,,4784,travel,Bad Expiration
7475612,CUST_00109,2010-01-01 06:11:00,-84.0,Adrian,MI,5541,fuel,
7475614,CUST_00072,2010-01-01 06:13:00,121.66,Mesilla Park,NM,5932,shopping,
7475615,CUST_00282,2010-01-01 06:13:00,1.69,Marina,CA,5499,food,
7475616,CUST_00288,2010-01-01 06:13:00,2.99,Jackson Center,PA,5812,food,
7475617,CUST_00027,2010-01-01 06:13:00,74.6,Banks,OR,5300,shopping,
7475619,CUST_00103,2010-01-01 06:14:00,10.7,Independence,OH,5300,shopping,
7475620,CUST_00036,2010-01-01 06:14:00,6.66,Utica,NY,5411,food,
7475621,CUST_00168,2010-01-01 06:14:00,23.83,Milpitas,CA,5310,shopping,
7475622,CUST_00102,2010-01-01 06:15:00,4.87,Sioux Falls,SD,5814,food,
7475623,CUST_00091,2010-01-01 06:16:00,-148.0,ONLINE,,4722,travel,
7475624,CUST_00046,2010-01-01 06:16:00,-66.0,Franklin,TN,5499,food,
7475625,CUST_00289,2010-01-01 06:16:00,11.7,Mulkeytown,IL,5411,food,
7475627,CUST_00110,2010-01-01 06:16:00,6.58,Wethersfield,CT,5812,food,
7475628,CUST_00069,2010-01-01 06:16:00,7.35,Grand Junction,CO,5541,fuel,
7475630,CUST_00273,2010-01-01 06:16:00,2.67,Tacoma,WA,5411,food,
7475632,CUST_00139,2010-01-01 06:17:00,-86.0,Puyallup,WA,5499,food,
7475633,CUST_00149,2010-01-01 06:17:00,120.0,Youngsville,NC,4829,utilities,
7475634,CUST_00210,2010-01-01 06:18:00,1.77,Martinsburg,WV,5411,food,
7475635,CUST_00046,2010-01-01 06:18:00,2.98,Franklin,TN,5499,food,
7475636,CUST_00138,2010-01-01 06:18:00,18.26,ONLINE,,4784,travel,
7475637,CUST_00080,2010-01-01 06:18:00,4.9,Woodinville,WA,5812,food,
7475638,CUST_00230,2010-01-01 06:19:00,35.51,Orlando,FL,7538,purchase,
7475639,CUST_00291,2010-01-01 06:19:00,24.22,Canton,NC,4121,travel,
7475640,CUST_00080,2010-01-01 06:19:00,1.04,Latrobe,PA,5411,food,
7475641,CUST_00234,2010-01-01 06:19:00,27.28,ONLINE,,4784,travel,
7475642,CUST_00139,2010-01-01 06:19:00,86.0,Puyallup,WA,5499,food,
7475643,CUST_00293,2010-01-01 06:19:00,38.58,ONLINE,,4784,travel,Bad Card Number
7475644,CUST_00079,2010-01-01 06:20:00,2.69,Howland,ME,5942,shopping,
7475645,CUST_00216,2010-01-01 06:20:00,3.11,Manteno,IL,5814,food,
7475646,CUST_00109,2010-01-01 06:21:00,77.59,Adrian,MI,5541,fuel,
7475647,CUST_00237,2010-01-01 06:21:00,39.14,Stamford,CT,5912,utilities,
7475648,CUST_00135,2010-01-01 06:21:00,101.79,Burke,VA,4814,utilities,
7475649,CUST_00222,2010-01-01 06:22:00,35.53,Crenshaw,MS,5411,food,
7475650,CUST_00101,2010-01-01 06:23:00,-95.0,Narberth,PA,5499,food,
7475651,CUST_00082,2010-01-01 06:23:00,39.07,Myrtle Beach,SC,5311,shopping,
7475652,CUST_00024,2010-01-01 06:23:00,36.33,ONLINE,,4784,travel,
7475654,CUST_00126,2010-01-01 06:24:00,47.61,ONLINE,,4784,travel,
7475655,CUST_00101,2010-01-01 06:24:00,79.41,Narberth,PA,5499,food,
7475658,CUST_00168,2010-01-01 06:24:00,4.13,Milpitas,CA,5812,food,
7475659,CUST_00029,2010-01-01 06:24:00,100.0,Cleveland,OH,4829,utilities,
7475660,CUST_00135,2010-01-01 06:25:00,3.37,Bulverde,TX,5411,food,
7475661,CUST_00291,2010-01-01 06:25:00,2.36,Canton,NC,5411,food,
7475662,CUST_00271,2010-01-01 06:25:00,2.27,Luther,OK,5814,food,
7475663,CUST_00039,2010-01-01 06:26:00,190.91,Ocoee,FL,7995,entertainment,
7475664,CUST_00092,2010-01-01 06:26:00,3.86,ONLINE,,4784,travel,
7475665,CUST_00109,2010-01-01 06:26:00,84.0,Adrian,MI,5541,fuel,
7475666,CUST_00137,2010-01-01 06:27:00,4.37,Longview,TX,5814,food,
7475670,CUST_00212,2010-01-01 06:29:00,1.37,Minneapolis,MN,5541,fuel,
7475671,CUST_00061,2010-01-01 06:30:00,100.0,Memphis,TN,4829,utilities,
7475672,CUST_00217,2010-01-01 06:30:00,-52.0,Chicago,IL,5499,food,
7475673,CUST_00092,2010-01-01 06:30:00,28.54,Mechanicsburg,OH,5411,food,
7475674,CUST_00243,2010-01-01 06:30:00,76.07,Longview,TX,5310,shopping,
7475676,CUST_00174,2010-01-01 06:31:00,11.0,Howard Beach,NY,5812,food,
7475677,CUST_00230,2010-01-01 06:31:00,23.84,Orlando,FL,7538,purchase,
7475679,CUST_00165,2010-01-01 06:32:00,10.64,Houston,TX,5942,shopping,
7475680,CUST_00054,2010-01-01 06:32:00,12.35,Boca Raton,FL,5411,food,
7475681,CUST_00139,2010-01-01 06:33:00,67.0,Claremont,NC,5499,food,
7475682,CUST_00257,2010-01-01 06:33:00,106.82,Houston,TX,5912,utilities,
7475683,CUST_00006,2010-01-01 06:33:00,3.5,Washington Court House,OH,5411,food,
7475684,CUST_00228,2010-01-01 06:33:00,106.64,Carrollton,TX,4900,utilities,
7475685,CUST_00148,2010-01-01 06:33:00,-74.0,Honolulu,HI,5499,food,
7475687,CUST_00097,2010-01-01 06:35:00,8.96,Mentor,OH,5541,fuel,
7475688,CUST_00216,2010-01-01 06:35:00,100.0,Longboat Key,FL,4829,utilities,
7475689,CUST_00199,2010-01-01 06:36:00,1.79,Miami,FL,5411,food,
7475691,CUST_00148,2010-01-01 06:37:00,46.32,Honolulu,HI,5499,food,
7475692,CUST_00130,2010-01-01 06:37:00,2.63,Appleton,WI,5814,food,
7475693,CUST_00093,2010-01-01 06:37:00,56.0,Urbandale,IA,5541,fuel,
7475694,CUST_00189,2010-01-01 06:37:00,1.61,Anaheim,CA,5499,food,
7475696,CUST_00043,2010-01-01 06:38:00,3.31,Allentown,PA,5812,food,
7475697,CUST_00176,2010-01-01 06:38:00,7.08,Pascoag,RI,5499,food,
7475698,CUST_00029,2010-01-01 06:38:00,6.38,Bothell,WA,5411,food,
7475699,CUST_00195,2010-01-01 06:38:00,3.66,ONLINE,,5815,food,
7475700,CUST_00189,2010-01-01 06:39:00,4.95,Johnson City,TN,5411,food,
7475701,CUST_00148,2010-01-01 06:39:00,74.0,Honolulu,HI,5499,food,
7475704,CUST_00026,2010-01-01 06:40:00,28.01,Houston,TX,7538,purchase,
7475705,CUST_00228,2010-01-01 06:40:00,3.5,Somerset,NJ,5411,food,
7475706,CUST_00154,2010-01-01 06:40:00,3.97,Cedar Park,TX,5411,food,
7475707,CUST_00217,2010-01-01 06:41:00,34.68,Chicago,IL,7538,purchase,
7475709,CUST_00125,2010-01-01 06:41:00,105.7,San Francisco,CA,5541,fuel,
7475708,CUST_00125,2010-01-01 06:41:00,87.0,San Francisco,CA,5541,fuel,
7475711,CUST_00110,2010-01-01 06:41:00,4.96,Wethersfield,CT,5812,food,
7475712,CUST_00237,2010-01-01 06:41:00,40.4,ONLINE,,4784,travel,
7475714,CUST_00210,2010-01-01 06:42:00,12.05,Chicago,IL,5499,food,
7475715,CUST_00013,2010-01-01 06:42:00,1.26,New Market,TN,5499,food,
7475717,CUST_00054,2010-01-01 06:42:00,6.96,Corpus Christi,TX,5814,food,
7475718,CUST_00295,2010-01-01 06:43:00,2.92,Farmington,MN,5942,shopping,
7475719,CUST_00149,2010-01-01 06:43:00,3.78,San Antonio,TX,5812,food,
7475720,CUST_00057,2010-01-01 06:43:00,23.44,ONLINE,,4784,travel,
7475721,CUST_00099,2010-01-01 06:44:00,2.52,Waco,TX,5499,food,
7475722,CUST_00199,2010-01-01 06:44:00,6.46,Baltimore,MD,5541,fuel,
7475723,CUST_00044,2010-01-01 06:44:00,12.13,Poughkeepsie,NY,5812,food,
7475724,CUST_00168,2010-01-01 06:44:00,17.78,Milpitas,CA,5912,utilities,
7475725,CUST_00059,2010-01-01 06:44:00,26.13,Cleveland,OH,5912,utilities,
7475726,CUST_00204,2010-01-01 06:45:00,250.03,Las Vegas,NV,7995,entertainment,
7475727,CUST_00217,2010-01-01 06:45:00,52.0,Chicago,IL,5499,food,
7475728,CUST_00032,2010-01-01 06:45:00,3.02,New Braunfels,TX,5541,fuel,
7475729,CUST_00053,2010-01-01 06:45:00,1.68,Oakland,CA,5411,food,
7475730,CUST_00236,2010-01-01 06:46:00,192.29,ONLINE,,7801,entertainment,
7475731,CUST_00177,2010-01-01 06:47:00,0.72,Bronx,NY,5300,shopping,
7475732,CUST_00239,2010-01-01 06:47:00,2.03,Oshkosh,WI,5499,food,
7475733,CUST_00052,2010-01-01 06:47:00,19.72,Barron,WI,5499,food,
7475734,CUST_00293,2010-01-01 06:47:00,46.63,ONLINE,,4784,travel,
7475735,CUST_00100,2010-01-01 06:48:00,2.43,Chicago,IL,5541,fuel,
7475736,CUST_00093,2010-01-01 06:48:00,58.6,Urbandale,IA,5541,fuel,
7475737,CUST_00090,2010-01-01 06:49:00,178.53,ONLINE,,4814,utilities,
7475738,CUST_00239,2010-01-01 06:49:00,25.8,Oshkosh,WI,4121,travel,
7475739,CUST_00010,2010-01-01 06:49:00,100.0,Billings,OK,4829,utilities,
7475740,CUST_00278,2010-01-01 06:49:00,42.68,Killeen,TX,5311,shopping,
7475741,CUST_00139,2010-01-01 06:50:00,-67.0,Claremont,NC,5499,food,
7475742,CUST_00093,2010-01-01 06:50:00,-56.0,Urbandale,IA,5541,fuel,
7475743,CUST_00297,2010-01-01 06:50:00,14.1,Summerville,GA,5921,shopping,
7475744,CUST_00242,2010-01-01 06:50:00,103.79,ONLINE,,4899,utilities,
7475745,CUST_00247,2010-01-01 06:51:00,92.22,Windsor,CO,5411,food,
7475747,CUST_00175,2010-01-01 06:51:00,1.38,Delavan,WI,5541,fuel,
7475749,CUST_00135,2010-01-01 06:51:00,1153.61,Coraopolis,PA,3256,travel,
7475750,CUST_00105,2010-01-01 06:51:00,120.0,Lucedale,MS,4829,utilities,
7475751,CUST_00105,2010-01-01 06:52:00,46.25,Battle Creek,IA,7349,purchase,
7475752,CUST_00142,2010-01-01 06:52:00,10.6,Spring Valley,CA,5942,shopping,
7475753,CUST_00184,2010-01-01 06:52:00,0.88,Los Altos,CA,5411,food,
7475754,CUST_00178,2010-01-01 06:53:00,89.46,Banner Elk,NC,5411,food,
7475755,CUST_00011,2010-01-01 06:53:00,3.41,Merritt Island,FL,5411,food,
7475756,CUST_00201,2010-01-01 06:54:00,68.98,Bethlehem,CT,5655,shopping,
7475758,CUST_00089,2010-01-01 06:55:00,78.66,Lebanon,NH,5311,shopping,
7475759,CUST_00152,2010-01-01 06:55:00,10.64,Arcadia,CA,7802,entertainment,
7475760,CUST_00125,2010-01-01 06:55:00,-87.0,San Francisco,CA,5541,fuel,
7475761,CUST_00007,2010-01-01 06:55:00,4.0,Newark,DE,5812,food,
7475762,CUST_00046,2010-01-01 06:55:00,34.25,Yoakum,TX,7538,purchase,
7475763,CUST_00288,2010-01-01 06:55:00,39.39,ONLINE,,4784,travel,
7475765,CUST_00126,2010-01-01 06:56:00,60.0,Grenada,MS,4829,utilities,
7475766,CUST_00139,2010-01-01 06:57:00,40.72,Claremont,NC,5499,food,
7475767,CUST_00145,2010-01-01 06:57:00,57.39,Andersonville,TN,5411,food,
7475768,CUST_00235,2010-01-01 06:57:00,3.43,Dallas,TX,5814,food,
7475770,CUST_00217,2010-01-01 06:58:00,8.28,Chicago,IL,5499,food,
7475771,CUST_00141,2010-01-01 06:58:00,60.0,Albany,NY,4829,utilities,
7475772,CUST_00032,2010-01-01 06:59:00,38.5,ONLINE,,4784,travel,
7475773,CUST_00235,2010-01-01 06:59:00,100.0,Brooklyn,NY,4829,utilities,
7475774,CUST_00020,2010-01-01 06:59:00,2.36,Lawrence,KS,5411,food,
7475775,CUST_00025,2010-01-01 06:59:00,6.71,Houston,TX,5812,food,
7475776,CUST_00083,2010-01-01 06:59:00,6.9,Oakland City,IN,5411,food,
7475777,CUST_00146,2010-01-01 06:59:00,28.13,ONLINE,,4121,travel,
7475779,CUST_00158,2010-01-01 07:00:00,86.73,Brooklyn,NY,5912,utilities,
7475780,CUST_00202,2010-01-01 07:00:00,8.45,Quincy,MA,5541,fuel,
7475781,CUST_00050,2010-01-01 07:00:00,1.72,Gwynn Oak,MD,5812,food,
7475782,CUST_00148,2010-01-01 07:01:00,56.4,Oakland,CA,5912,utilities,
7475783,CUST_00133,2010-01-01 07:01:00,49.46,ONLINE,,4784,travel,
7475784,CUST_00109,2010-01-01 07:01:00,39.12,Spring Arbor,MI,5942,shopping,
7475785,CUST_00282,2010-01-01 07:01:00,22.39,ONLINE,,4784,travel,
7475786,CUST_00299,2010-01-01 07:02:00,2.16,Waukegan,IL,5411,food,
7475787,CUST_00049,2010-01-01 07:02:00,6.1,Merrill,WI,5921,shopping,
7475789,CUST_00172,2010-01-01 07:02:00,90.0,Arnold,MD,5541,fuel,
7475790,CUST_00141,2010-01-01 07:02:00,2.03,Franklin,MA,5541,fuel,
7475791,CUST_00163,2010-01-01 07:02:00,94.0,Millington,TN,5541,fuel,
7475792,CUST_00277,2010-01-01 07:02:00,-72.0,Kingman,AZ,5499,food,Insufficient Balance
7475793,CUST_00216,2010-01-01 07:02:00,5.37,Massillon,OH,5411,food,
7475794,CUST_00121,2010-01-01 07:02:00,4.6,Vacaville,CA,5411,food,
7475795,CUST_00143,2010-01-01 07:03:00,34.8,Rialto,CA,5311,shopping,
7475798,CUST_00141,2010-01-01 07:03:00,3.82,Ludington,MI,5541,fuel,
7475799,CUST_00243,2010-01-01 07:03:00,156.0,Pacoima,CA,8099,utilities,
7475801,CUST_00081,2010-01-01 07:04:00,57.68,ONLINE,,4784,travel,
7475802,CUST_00287,2010-01-01 07:04:00,80.0,Shipshewana,IN,4829,utilities,
7475803,CUST_00100,2010-01-01 07:05:00,2.61,Dallas,TX,5812,food,
7475804,CUST_00164,2010-01-01 07:05:00,162.91,ONLINE,,4814,utilities,
7475806,CUST_00123,2010-01-01 07:05:00,2.02,Beaverton,OR,5812,food,
7475807,CUST_00157,2010-01-01 07:06:00,48.72,ONLINE,,7996,entertainment,
7475808,CUST_00255,2010-01-01 07:06:00,25.44,Suwanee,GA,7538,purchase,
7475809,CUST_00132,2010-01-01 07:06:00,36.37,Silver Spring,MD,5813,entertainment,
7475810,CUST_00086,2010-01-01 07:06:00,43.27,ONLINE,,4784,travel,
7475811,CUST_00007,2010-01-01 07:07:00,6.74,Newcastle,CA,5812,food,
7475812,CUST_00110,2010-01-01 07:07:00,2.1,Alvin,TX,5411,food,
7475813,CUST_00248,2010-01-01 07:07:00,45.18,Edison,OH,7538,purchase,
7475814,CUST_00003,2010-01-01 07:07:00,2.33,Roswell,NM,5942,shopping,
7475815,CUST_00269,2010-01-01 07:07:00,66.0,Bladensburg,MD,5499,food,
7475816,CUST_00235,2010-01-01 07:07:00,64.0,Dallas,TX,5499,food,
7475817,CUST_00174,2010-01-01 07:08:00,-73.0,Kew Gardens,NY,5541,fuel,
7475818,CUST_00239,2010-01-01 07:08:00,49.17,Oshkosh,WI,7538,purchase,
7475819,CUST_00232,2010-01-01 07:08:00,21.5,Phoenix,AZ,7538,purchase,
7475820,CUST_00163,2010-01-01 07:08:00,41.95,Pompano Beach,FL,5300,shopping,
7475821,CUST_00163,2010-01-01 07:08:00,78.9,Millington,TN,5541,fuel,
7475822,CUST_00121,2010-01-01 07:08:00,28.69,ONLINE,,4121,travel,
7475823,CUST_00247,2010-01-01 07:09:00,100.07,Windsor,CO,5912,utilities,
7475824,CUST_00043,2010-01-01 07:09:00,5.76,Colorado Springs,CO,5812,food,
7475825,CUST_00091,2010-01-01 07:09:00,4.22,Westville,NJ,5541,fuel,
7475827,CUST_00167,2010-01-01 07:09:00,2.17,Donaldsonville,LA,5499,food,
7475828,CUST_00095,2010-01-01 07:09:00,80.0,Boyne City,MI,4829,utilities,
7475829,CUST_00269,2010-01-01 07:09:00,-66.0,Bladensburg,MD,5499,food,
7475830,CUST_00033,2010-01-01 07:09:00,3.48,White House,TN,5812,food,
7475831,CUST_00200,2010-01-01 07:09:00,3.84,Bayport,NY,5541,fuel,
7475832,CUST_00202,2010-01-01 07:10:00,7.65,Little Rock,AR,5411,food,
7475833,CUST_00036,2010-01-01 07:10:00,22.08,ONLINE,,4784,travel,
7475834,CUST_00085,2010-01-01 07:10:00,24.02,Red Oak,IA,5411,food,
7475835,CUST_00074,2010-01-01 07:10:00,2.51,Philadelphia,PA,5411,food,
7475836,CUST_00198,2010-01-01 07:10:00,29.52,ONLINE,,4121,travel,
7475837,CUST_00220,2010-01-01 07:11:00,9.44,Waipahu,HI,5812,food,
7475838,CUST_00126,2010-01-01 07:11:00,8.45,Calhoun City,MS,5411,food,
7475839,CUST_00173,2010-01-01 07:11:00,54.63,ONLINE,,4784,travel,
7475840,CUST_00219,2010-01-01 07:11:00,1.99,Derby,KS,5411,food,
7475841,CUST_00007,2010-01-01 07:11:00,72.85,Thackerville,OK,7995,entertainment,
7475842,CUST_00282,2010-01-01 07:11:00,5.24,Delaplane,VA,5541,fuel,
7475843,CUST_00231,2010-01-01 07:11:00,2.39,Crane,MO,5411,food,
7475844,CUST_00097,2010-01-01 07:12:00,9.42,Atlanta,GA,5541,fuel,
7475845,CUST_00271,2010-01-01 07:12:00,19.64,Chula Vista,CA,4121,travel,
7475846,CUST_00033,2010-01-01 07:12:00,156.29,Gloucester,VA,5912,utilities,
7475847,CUST_00185,2010-01-01 07:12:00,8.03,Snohomish,WA,5411,food,
7475848,CUST_00271,2010-01-01 07:13:00,1.45,Chula Vista,CA,5499,food,
7475849,CUST_00275,2010-01-01 07:13:00,1.31,Tulsa,OK,5912,utilities,
7475850,CUST_00190,2010-01-01 07:13:00,0.48,Tucson,AZ,5499,food,
7475851,CUST_00293,2010-01-01 07:13:00,16.03,ONLINE,,5815,food,
7475852,CUST_00174,2010-01-01 07:14:00,78.14,Kew Gardens,NY,5541,fuel,
7475854,CUST_00036,2010-01-01 07:15:00,149.43,ONLINE,,4814,utilities,
7475855,CUST_00163,2010-01-01 07:15:00,-94.0,Millington,TN,5541,fuel,
7475856,CUST_00070,2010-01-01 07:15:00,1.72,Indianapolis,IN,5499,food,
7475857,CUST_00071,2010-01-01 07:15:00,46.51,ONLINE,,4784,travel,
7475858,CUST_00012,2010-01-01 07:16:00,144.7,Mobile,AL,7996,entertainment,
7475859,CUST_00043,2010-01-01 07:16:00,6.77,Bronx,NY,5411,food,
7475860,CUST_00197,2010-01-01 07:16:00,3.23,Fort Lauderdale,FL,5499,food,
7475861,CUST_00167,2010-01-01 07:17:00,103.92,Islandton,SC,5912,utilities,
7475862,CUST_00165,2010-01-01 07:17:00,45.15,ONLINE,,4784,travel,
7475863,CUST_00269,2010-01-01 07:17:00,94.58,Bladensburg,MD,5499,food,
7475864,CUST_00112,2010-01-01 07:17:00,5.35,Cherry Hill,NJ,5411,food,
7475865,CUST_00093,2010-01-01 07:17:00,24.82,ONLINE,,4121,travel,
7475867,CUST_00249,2010-01-01 07:18:00,39.63,Sodus Point,NY,7538,purchase,
7475868,CUST_00139,2010-01-01 07:18:00,1.78,Houston,TX,5812,food,
7475869,CUST_00212,2010-01-01 07:18:00,60.0,Minneapolis,MN,4829,utilities,
7475870,CUST_00243,2010-01-01 07:19:00,41.64,Hearne,TX,5655,shopping,
7475871,CUST_00289,2010-01-01 07:19:00,180.0,West New York,NJ,4829,utilities,
7475872,CUST_00096,2010-01-01 07:19:00,33.66,ONLINE,,4784,travel,
7475873,CUST_00172,2010-01-01 07:20:00,-90.0,Arnold,MD,5541,fuel,
7475874,CUST_00061,2010-01-01 07:20:00,18.99,Louisville,KY,4121,travel,
7475875,CUST_00286,2010-01-01 07:20:00,42.57,ONLINE,,4814,utilities,
7475876,CUST_00235,2010-01-01 07:20:00,-64.0,Dallas,TX,5499,food,
7475877,CUST_00282,2010-01-01 07:20:00,10.22,Bradenton,FL,5814,food,
7475878,CUST_00191,2010-01-01 07:21:00,8.6,Bristol,NH,5499,food,
7475879,CUST_00088,2010-01-01 07:21:00,60.0,Riverside,CA,4829,utilities,
7475880,CUST_00216,2010-01-01 07:21:00,2.24,Bradenton,FL,5411,food,
7475881,CUST_00049,2010-01-01 07:22:00,37.54,Terre Haute,IN,5300,shopping,Insufficient Balance
7475882,CUST_00277,2010-01-01 07:22:00,72.0,Kingman,AZ,5499,food,Insufficient Balance
7475884,CUST_00187,2010-01-01 07:23:00,103.29,Sutter Creek,CA,4814,utilities,
7475885,CUST_00155,2010-01-01 07:23:00,4.64,Mount Kisco,NY,5814,food,
7475886,CUST_00272,2010-01-01 07:23:00,17.51,ONLINE,,4784,travel,
7475887,CUST_00295,2010-01-01 07:23:00,1.5,Colfax,WI,5411,food,
7475888,CUST_00077,2010-01-01 07:24:00,1.69,Lorain,OH,5812,food,
7475889,CUST_00049,2010-01-01 07:24:00,44.26,Terre Haute,IN,5300,shopping,
7475890,CUST_00298,2010-01-01 07:24:00,32.78,ONLINE,,4784,travel,
7475892,CUST_00174,2010-01-01 07:25:00,73.0,Kew Gardens,NY,5541,fuel,
7475893,CUST_00172,2010-01-01 07:25:00,71.52,Arnold,MD,5541,fuel,
7475895,CUST_00281,2010-01-01 07:25:00,70.92,Alpharetta,GA,7538,purchase,
7475896,CUST_00235,2010-01-01 07:26:00,140.0,Brooklyn,NY,4829,utilities,
7475897,CUST_00055,2010-01-01 07:26:00,1.2,Orchard Park,NY,5812,food,
7475898,CUST_00277,2010-01-01 07:26:00,23.95,Kingman,AZ,5499,food,
7475900,CUST_00050,2010-01-01 07:26:00,11.4,Mount Vernon,NY,5411,food,
7475902,CUST_00084,2010-01-01 07:27:00,5.6,Stuart,FL,5814,food,
7475903,CUST_00160,2010-01-01 07:27:00,3.36,Las Vegas,NV,5541,fuel,
7475904,CUST_00247,2010-01-01 07:27:00,3.47,ONLINE,,4784,travel,
7475905,CUST_00235,2010-01-01 07:27:00,61.28,Dallas,TX,5499,food,
7475907,CUST_00014,2010-01-01 07:28:00,0.93,Edinburgh,IN,5541,fuel,
7475909,CUST_00090,2010-01-01 07:28:00,1.19,Commerce,OK,5499,food,
7475910,CUST_00131,2010-01-01 07:28:00,140.0,Cherry Hill,NJ,4829,utilities,
7475911,CUST_00028,2010-01-01 07:29:00,4.42,Muskogee,OK,5411,food,
7475912,CUST_00291,2010-01-01 07:29:00,24.26,Willowbrook,IL,5812,food,
7475913,CUST_00219,2010-01-01 07:30:00,2.04,Derby,KS,5942,shopping,
7475914,CUST_00032,2010-01-01 07:30:00,6.46,New Braunfels,TX,5411,food,
7475916,CUST_00202,2010-01-01 07:32:00,10.82,Little Rock,AR,5541,fuel,
7475918,CUST_00298,2010-01-01 07:33:00,118.28,ONLINE,,7922,entertainment,
7475919,CUST_00298,2010-01-01 07:33:00,6.17,Gaithersburg,MD,5411,food,
7475920,CUST_00046,2010-01-01 07:33:00,52.12,New York,NY,7538,purchase,
7475921,CUST_00272,2010-01-01 07:33:00,24.63,ONLINE,,4784,travel,
7475922,CUST_00249,2010-01-01 07:33:00,0.71,Sarasota,FL,5499,food,
7475923,CUST_00268,2010-01-01 07:34:00,78.0,Austin,TX,5541,fuel,
7475926,CUST_00028,2010-01-01 07:34:00,78.32,East Northport,NY,5300,shopping,
7475927,CUST_00121,2010-01-01 07:34:00,21.98,ONLINE,,4121,travel,
7475929,CUST_00225,2010-01-01 07:35:00,2.54,Chenango Forks,NY,5814,food,
7475930,CUST_00254,2010-01-01 07:35:00,98.0,El Monte,CA,5499,food,
7475932,CUST_00268,2010-01-01 07:36:00,44.13,Orleans,VT,7538,purchase,
7475933,CUST_00068,2010-01-01 07:36:00,3.38,Cadillac,MI,5942,shopping,
7475934,CUST_00269,2010-01-01 07:37:00,0.82,Batavia,OH,5942,shopping,
7475935,CUST_00253,2010-01-01 07:37:00,104.81,Fresno,CA,5912,utilities,Insufficient Balance
7475936,CUST_00035,2010-01-01 07:37:00,2.28,Murphys,CA,5812,food,
7475938,CUST_00298,2010-01-01 07:37:00,32.28,ONLINE,,4784,travel,
7475939,CUST_00156,2010-01-01 07:37:00,93.4,Monroe,NC,5300,shopping,
7475941,CUST_00141,2010-01-01 07:37:00,11.87,Louisville,KY,5499,food,
7475940,CUST_00141,2010-01-01 07:37:00,55.0,Louisville,KY,5499,food,
7475942,CUST_00254,2010-01-01 07:37:00,-98.0,El Monte,CA,5499,food,
7475944,CUST_00095,2010-01-01 07:38:00,2.57,Staunton,IL,5814,food,
7475947,CUST_00007,2010-01-01 07:38:00,109.61,Angier,NC,5655,shopping,
7475948,CUST_00232,2010-01-01 07:39:00,-64.0,Round Lake,IL,5541,fuel,
7475951,CUST_00247,2010-01-01 07:39:00,6.23,ONLINE,,4784,travel,
7475952,CUST_00101,2010-01-01 07:39:00,3.76,Atlanta,GA,5812,food,
7475953,CUST_00199,2010-01-01 07:39:00,3.49,Vero Beach,FL,5812,food,
7475954,CUST_00043,2010-01-01 07:40:00,52.8,Colorado Springs,CO,7538,purchase,
7475955,CUST_00110,2010-01-01 07:40:00,1.6,Alvin,TX,5812,food,
7475956,CUST_00187,2010-01-01 07:41:00,20.0,ONLINE,,4784,travel,
7475957,CUST_00123,2010-01-01 07:41:00,1.76,Beaverton,OR,5411,food,
7475959,CUST_00268,2010-01-01 07:42:00,75.08,Austin,TX,5541,fuel,
7475960,CUST_00124,2010-01-01 07:42:00,51.0,Olympia,WA,5499,food,
7475961,CUST_00113,2010-01-01 07:42:00,37.69,Bangor,PA,5300,shopping,
7475962,CUST_00266,2010-01-01 07:42:00,5.4,Elk Grove,CA,5411,food,
7475963,CUST_00124,2010-01-01 07:43:00,-51.0,Olympia,WA,5499,food,
7475964,CUST_00081,2010-01-01 07:43:00,55.12,ONLINE,,4784,travel,
7475965,CUST_00026,2010-01-01 07:43:00,2.85,Houston,TX,5411,food,
7475969,CUST_00281,2010-01-01 07:44:00,13.93,ONLINE,,4121,travel,
7475970,CUST_00029,2010-01-01 07:44:00,6.15,Huntington,NY,5411,food,
7475971,CUST_00221,2010-01-01 07:45:00,0.87,Bastrop,TX,5499,food,
7475973,CUST_00225,2010-01-01 07:45:00,54.47,ONLINE,,7801,entertainment,
7475974,CUST_00114,2010-01-01 07:46:00,4.15,Indianapolis,IN,5541,fuel,
7475975,CUST_00079,2010-01-01 07:46:00,4.5,Lorton,VA,5814,food,
7475977,CUST_00002,2010-01-01 07:46:00,7.59,Lincolnton,GA,5812,food,
7475978,CUST_00282,2010-01-01 07:46:00,40.0,Atlanta,GA,4829,utilities,
7475979,CUST_00285,2010-01-01 07:46:00,2.25,Falmouth,MA,5411,food,
7475980,CUST_00025,2010-01-01 07:46:00,22.4,Houston,TX,5812,food,
7475981,CUST_00073,2010-01-01 07:47:00,0.23,Dalton,GA,5812,food,
7475983,CUST_00083,2010-01-01 07:47:00,31.28,ONLINE,,4784,travel,
7475984,CUST_00010,2010-01-01 07:47:00,9.8,Utica,MI,5310,shopping,
7475985,CUST_00037,2010-01-01 07:47:00,8.7,Owego,NY,5812,food,
7475986,CUST_00021,2010-01-01 07:47:00,2.96,Prospect,NY,5411,food,
7475987,CUST_00121,2010-01-01 07:47:00,6.05,Vacaville,CA,5411,food,
7475988,CUST_00243,2010-01-01 07:48:00,55.04,Hearne,TX,5655,shopping,
7475989,CUST_00236,2010-01-01 07:48:00,0.95,Stamford,CT,5411,food,
7475991,CUST_00250,2010-01-01 07:48:00,1.33,Hendersonville,NC,5541,fuel,
7475992,CUST_00254,2010-01-01 07:48:00,12.5,El Monte,CA,5499,food,
7475993,CUST_00293,2010-01-01 07:48:00,120.0,Kailua Kona,HI,4829,utilities,
7475994,CUST_00165,2010-01-01 07:49:00,43.83,ONLINE,,4784,travel,
7475995,CUST_00268,2010-01-01 07:49:00,86.91,Traverse City,MI,5300,shopping,
7475998,CUST_00046,2010-01-01 07:50:00,22.83,Summit Argo,IL,5912,utilities,
7475999,CUST_00232,2010-01-01 07:50:00,75.79,Round Lake,IL,5541,fuel,
7476000,CUST_00141,2010-01-01 07:50:00,-55.0,Louisville,KY,5499,food,
7476001,CUST_00225,2010-01-01 07:51:00,4.72,Richmond,TX,5411,food,
7476002,CUST_00124,2010-01-01 07:51:00,23.58,Olympia,WA,5499,food,
7476003,CUST_00061,2010-01-01 07:51:00,32.86,ONLINE,,4121,travel,
7476004,CUST_00225,2010-01-01 07:51:00,90.1,ONLINE,,7801,entertainment,Insufficient Balance
7476006,CUST_00054,2010-01-01 07:52:00,138.83,Rio Rancho,NM,4814,utilities,
7476007,CUST_00111,2010-01-01 07:53:00,4.43,Sidney,MT,5541,fuel,
7476009,CUST_00201,2010-01-01 07:53:00,2.0,Alhambra,CA,5812,food,
7476010,CUST_00180,2010-01-01 07:53:00,6.51,Puerto Vallarta,Mexico,5541,fuel,
7476011,CUST_00216,2010-01-01 07:54:00,5.14,Auburn,CA,5912,utilities,
7476012,CUST_00268,2010-01-01 07:54:00,-78.0,Austin,TX,5541,fuel,
7476013,CUST_00232,2010-01-01 07:54:00,64.0,Round Lake,IL,5541,fuel,
7476014,CUST_00007,2010-01-01 07:54:00,5.66,Janesville,WI,5812,food,
7476015,CUST_00263,2010-01-01 07:54:00,69.15,ONLINE,,4784,travel,
7476016,CUST_00014,2010-01-01 07:54:00,63.02,ONLINE,,4784,travel,
7476018,CUST_00059,2010-01-01 07:55:00,21.81,ONLINE,,5815,food,
7476019,CUST_00085,2010-01-01 07:56:00,4.45,Gresham,OR,5541,fuel,
7476020,CUST_00094,2010-01-01 07:57:00,4.65,Pleasantville,NJ,5541,fuel,
7476021,CUST_00300,2010-01-01 07:57:00,29.91,Compton,CA,7538,purchase,
7476022,CUST_00234,2010-01-01 07:57:00,10.76,Aurora,CO,5812,food,
7476023,CUST_00253,2010-01-01 07:58:00,76.32,Fresno,CA,5912,utilities,
7476026,CUST_00097,2010-01-01 08:00:00,21.99,Cottage Grove,WI,5814,food,
7476027,CUST_00292,2010-01-01 08:00:00,7.23,Houston,TX,5411,food,
7476028,CUST_00014,2010-01-01 08:00:00,5.27,Andover,KS,5541,fuel,
7476029,CUST_00150,2010-01-01 08:00:00,39.83,ONLINE,,4784,travel,
7476030,CUST_00151,2010-01-01 08:01:00,6.85,Dover,OH,5814,food,
7476031,CUST_00055,2010-01-01 08:01:00,2.23,Selma,AL,5812,food,
7476032,CUST_00131,2010-01-01 08:01:00,1.22,Waldorf,MD,5499,food,
7476033,CUST_00044,2010-01-01 08:01:00,105.71,Hallandale,FL,7802,entertainment,
7476034,CUST_00044,2010-01-01 08:01:00,2.36,Poughkeepsie,NY,5411,food,
7476035,CUST_00289,2010-01-01 08:01:00,0.99,Louisville,IL,5499,food,
7476037,CUST_00281,2010-01-01 08:01:00,0.78,Kerhonkson,NY,5499,food,
7476038,CUST_00005,2010-01-01 08:01:00,1.12,Kansas City,MO,5499,food,
7476039,CUST_00171,2010-01-01 08:01:00,8.21,Brooklyn,NY,5812,food,
7476040,CUST_00053,2010-01-01 08:02:00,1.47,Jerome,ID,5912,utilities,
7476041,CUST_00069,2010-01-01 08:02:00,6.35,Lancaster,SC,5411,food,
7476042,CUST_00084,2010-01-01 08:02:00,23.89,Omaha,NE,5499,food,
7476043,CUST_00040,2010-01-01 08:03:00,60.0,Medford,OR,4829,utilities,
7476044,CUST_00298,2010-01-01 08:03:00,34.31,ONLINE,,4121,travel,
7476045,CUST_00101,2010-01-01 08:03:00,26.76,Atlanta,GA,7538,purchase,
7476046,CUST_00084,2010-01-01 08:03:00,-80.0,Omaha,NE,5499,food,
7476047,CUST_00006,2010-01-01 08:04:00,56.57,Washington,DC,7538,purchase,
7476048,CUST_00172,2010-01-01 08:04:00,6.4,Arnold,MD,5541,fuel,
7476049,CUST_00204,2010-01-01 08:04:00,100.0,Lebanon,IN,4829,utilities,
7476050,CUST_00110,2010-01-01 08:04:00,14.37,Wethersfield,CT,5310,shopping,
7476051,CUST_00298,2010-01-01 08:05:00,1.59,Muskegon,MI,5499,food,
7476052,CUST_00291,2010-01-01 08:05:00,130.92,Mifflinville,PA,5912,utilities,
7476053,CUST_00037,2010-01-01 08:05:00,8.2,Oakland,CA,5812,food,
7476054,CUST_00263,2010-01-01 08:05:00,87.37,ONLINE,,4784,travel,
7476056,CUST_00089,2010-01-01 08:05:00,2.14,North Bend,NE,5541,fuel,
7476057,CUST_00275,2010-01-01 08:05:00,2.4,Tulsa,OK,5411,food,
7476058,CUST_00091,2010-01-01 08:06:00,37.17,ONLINE,,4784,travel,
7476060,CUST_00152,2010-01-01 08:06:00,45.91,Seattle,WA,5251,shopping,
7476061,CUST_00225,2010-01-01 08:07:00,4.57,Garwood,TX,5942,shopping,
7476063,CUST_00279,2010-01-01 08:07:00,3.02,Plattsburgh,NY,5411,food,
7476064,CUST_00150,2010-01-01 08:07:00,5.66,Hollywood,FL,5411,food,
7476065,CUST_00003,2010-01-01 08:07:00,2.22,Lordsburg,NM,5812,food,
7476068,CUST_00209,2010-01-01 08:08:00,3.36,Marietta,GA,5411,food,
7476069,CUST_00010,2010-01-01 08:08:00,0.72,Fort Gibson,OK,5812,food,
7476070,CUST_00105,2010-01-01 08:08:00,-66.0,Hawarden,IA,5541,fuel,
7476071,CUST_00230,2010-01-01 08:08:00,82.74,Clinton Township,MI,5300,shopping,
7476072,CUST_00197,2010-01-01 08:08:00,4.17,Fort Lauderdale,FL,5812,food,
7476074,CUST_00175,2010-01-01 08:09:00,25.89,Kirkville,NY,5499,food,
7476073,CUST_00175,2010-01-01 08:09:00,-90.0,Kirkville,NY,5499,food,
7476076,CUST_00105,2010-01-01 08:09:00,66.0,Hawarden,IA,5541,fuel,
7476077,CUST_00224,2010-01-01 08:10:00,0.6,Williston Park,NY,5812,food,
7476078,CUST_00132,2010-01-01 08:10:00,28.05,Silver Spring,MD,5813,entertainment,
7476079,CUST_00126,2010-01-01 08:10:00,165.71,ONLINE,,7922,entertainment,
7476080,CUST_00060,2010-01-01 08:11:00,4.57,Bennett,CO,5812,food,
7476081,CUST_00047,2010-01-01 08:11:00,4.0,Tacoma,WA,5411,food,
7476084,CUST_00260,2010-01-01 08:11:00,18.72,Chambersburg,PA,5912,utilities,
7476086,CUST_00249,2010-01-01 08:12:00,1.26,Sarasota,FL,5499,food,
7476087,CUST_00242,2010-01-01 08:13:00,32.72,Union,NJ,5912,utilities,
7476088,CUST_00008,2010-01-01 08:14:00,61.94,Richardson,TX,5411,food,
7476089,CUST_00086,2010-01-01 08:14:00,10.64,Austin,TX,5970,shopping,
7476090,CUST_00216,2010-01-01 08:14:00,1.64,Bradenton,FL,5812,food,
7476091,CUST_00215,2010-01-01 08:15:00,87.13,Luverne,AL,5300,shopping,
7476092,CUST_00072,2010-01-01 08:15:00,40.0,Pittsburgh,PA,4829,utilities,
7476093,CUST_00033,2010-01-01 08:15:00,1.81,White House,TN,5812,food,
7476096,CUST_00288,2010-01-01 08:16:00,1.7,Chicago,IL,5812,food,
7476097,CUST_00132,2010-01-01 08:16:00,37.37,Clinton,TN,5499,food,
7476098,CUST_00242,2010-01-01 08:16:00,21.59,Commerce,TX,5411,food,
7476099,CUST_00026,2010-01-01 08:17:00,6.75,Kailua,HI,5812,food,
7476100,CUST_00112,2010-01-01 08:17:00,5.14,Blackwood,NJ,5411,food,
7476101,CUST_00084,2010-01-01 08:17:00,80.0,Omaha,NE,5499,food,
7476104,CUST_00222,2010-01-01 08:18:00,51.19,Holt,MI,7538,purchase,
7476106,CUST_00110,2010-01-01 08:19:00,120.0,Channelview,TX,4829,utilities,
7476107,CUST_00216,2010-01-01 08:19:00,2.69,Massillon,OH,5411,food,
7476108,CUST_00248,2010-01-01 08:21:00,10.6,Houston,TX,5541,fuel,
7476109,CUST_00040,2010-01-01 08:21:00,5.5,Dinuba,CA,5411,food,
7476110,CUST_00105,2010-01-01 08:21:00,30.89,Hawarden,IA,5541,fuel,
7476111,CUST_00131,2010-01-01 08:21:00,191.47,Vienna,VA,7996,entertainment,
7476112,CUST_00132,2010-01-01 08:21:00,90.0,Clinton,TN,5499,food,
7476114,CUST_00038,2010-01-01 08:22:00,11.77,Ontario,CA,5541,fuel,
7476115,CUST_00089,2010-01-01 08:22:00,20.13,Canaan,NH,7230,travel,
7476116,CUST_00124,2010-01-01 08:22:00,31.64,ONLINE,,4784,travel,
7476117,CUST_00171,2010-01-01 08:22:00,7.91,Spencerport,NY,5541,fuel,
7476118,CUST_00279,2010-01-01 08:22:00,3.3,Louisville,CO,5812,food,
7476119,CUST_00025,2010-01-01 08:22:00,7.5,Abbeville,LA,5814,food,
7476120,CUST_00120,2010-01-01 08:23:00,6.95,Harned,KY,5411,food,
7476121,CUST_00292,2010-01-01 08:23:00,4.04,Durham,NC,5812,food,
7476123,CUST_00091,2010-01-01 08:24:00,17.73,Ellicott City,MD,5812,food,
7476125,CUST_00121,2010-01-01 08:24:00,23.02,Vacaville,CA,4121,travel,
7476126,CUST_00175,2010-01-01 08:25:00,90.0,Kirkville,NY,5499,food,
7476127,CUST_00002,2010-01-01 08:25:00,6.17,Stapleton,GA,5541,fuel,
7476128,CUST_00248,2010-01-01 08:25:00,282.47,Philpot,KY,4112,travel,
7476129,CUST_00040,2010-01-01 08:25:00,17.16,San Rafael,CA,4121,travel,
7476130,CUST_00176,2010-01-01 08:25:00,150.77,Pascoag,RI,5411,food,
7476131,CUST_00147,2010-01-01 08:25:00,2.02,Challis,ID,5541,fuel,
7476132,CUST_00229,2010-01-01 08:25:00,2.86,San Benito,TX,5942,shopping,
7476133,CUST_00153,2010-01-01 08:26:00,4.12,Middleton,WI,5812,food,
7476135,CUST_00199,2010-01-01 08:27:00,2.36,Brooklyn,NY,5411,food,
7476137,CUST_00150,2010-01-01 08:27:00,-145.0,Spring Valley,NY,3389,travel,
7476138,CUST_00150,2010-01-01 08:27:00,189.87,Spring Valley,NY,3389,travel,
7476139,CUST_00095,2010-01-01 08:27:00,30.0,ONLINE,,4121,travel,
7476141,CUST_00287,2010-01-01 08:28:00,1.74,Sunland Park,NM,5814,food,
7476142,CUST_00007,2010-01-01 08:29:00,3.45,Lodi,WI,5541,fuel,
7476143,CUST_00167,2010-01-01 08:29:00,30.38,Fairfield,OH,5310,shopping,
7476144,CUST_00132,2010-01-01 08:29:00,-90.0,Clinton,TN,5499,food,
7476145,CUST_00157,2010-01-01 08:29:00,1.97,Sherman,TX,5942,shopping,
7476146,CUST_00035,2010-01-01 08:31:00,7.9,Vallecito,CA,5814,food,
7476147,CUST_00080,2010-01-01 08:31:00,6.83,Latrobe,PA,5541,fuel,
7476148,CUST_00086,2010-01-01 08:31:00,1.76,Cordova,TN,5411,food,
7476149,CUST_00289,2010-01-01 08:32:00,91.0,Oklahoma City,OK,5541,fuel,
7476150,CUST_00112,2010-01-01 08:32:00,44.6,Manning,SC,5541,fuel,
7476151,CUST_00008,2010-01-01 08:32:00,85.92,Rockwall,TX,5300,shopping,
7476152,CUST_00278,2010-01-01 08:32:00,22.51,ONLINE,,4784,travel,
7476155,CUST_00150,2010-01-01 08:33:00,4.02,Bluffton,SC,5411,food,
7476156,CUST_00095,2010-01-01 08:33:00,29.07,Wauconda,IL,4121,travel,
7476157,CUST_00008,2010-01-01 08:33:00,6.97,Rossville,IN,5812,food,
7476158,CUST_00204,2010-01-01 08:34:00,66.0,Seattle,WA,5499,food,
7476159,CUST_00037,2010-01-01 08:34:00,31.02,Walnut Creek,CA,7538,purchase,
7476161,CUST_00171,2010-01-01 08:34:00,106.68,Rush,NY,5300,shopping,
7476162,CUST_00180,2010-01-01 08:34:00,12.21,ONLINE,,4784,travel,
7476163,CUST_00204,2010-01-01 08:35:00,3.93,Seattle,WA,5814,food,
7476164,CUST_00167,2010-01-01 08:35:00,6.01,Memphis,TN,5814,food,
7476165,CUST_00045,2010-01-01 08:35:00,33.46,ONLINE,,4784,travel,
7476166,CUST_00191,2010-01-01 08:35:00,67.7,Morris Plains,NJ,7538,purchase,
7476167,CUST_00253,2010-01-01 08:36:00,5.42,Kamas,UT,5814,food,
7476169,CUST_00032,2010-01-01 08:36:00,20.97,ONLINE,,4121,travel,
7476171,CUST_00283,2010-01-01 08:36:00,53.0,Saint Charles,IL,5541,fuel,
7476172,CUST_00229,2010-01-01 08:36:00,3.98,San Benito,TX,5942,shopping,
7476174,CUST_00217,2010-01-01 08:36:00,2.46,Westminster,CA,5411,food,Insufficient Balance
7476173,CUST_00217,2010-01-01 08:36:00,2.21,Westminster,CA,5411,food,
7476175,CUST_00053,2010-01-01 08:36:00,2.47,Oakland,CA,5411,food,
7476177,CUST_00043,2010-01-01 08:36:00,25.04,ONLINE,,4121,travel,
7476178,CUST_00270,2010-01-01 08:37:00,1.73,Garland,TX,5411,food,
7476179,CUST_00225,2010-01-01 08:37:00,16.51,Almont,MI,5813,entertainment,
7476180,CUST_00126,2010-01-01 08:37:00,47.09,Wichita,KS,5499,food,
7476181,CUST_00183,2010-01-01 08:37:00,4.65,Lebanon,MO,5411,food,
7476182,CUST_00002,2010-01-01 08:37:00,2.49,Somerset,CA,5411,food,
7476183,CUST_00290,2010-01-01 08:38:00,3.72,Richmond,CA,5921,shopping,
7476184,CUST_00035,2010-01-01 08:39:00,3.39,Manteca,CA,5942,shopping,
7476185,CUST_00032,2010-01-01 08:39:00,37.36,New Braunfels,TX,7538,purchase,
7476186,CUST_00050,2010-01-01 08:40:00,44.96,Indianapolis,IN,5311,shopping,
7476187,CUST_00126,2010-01-01 08:40:00,-57.0,Wichita,KS,5499,food,
7476188,CUST_00150,2010-01-01 08:40:00,55.89,ONLINE,,4784,travel,
7476190,CUST_00179,2010-01-01 08:41:00,8.6,Hartsdale,NY,5812,food,
7476191,CUST_00055,2010-01-01 08:41:00,3.37,Winterville,NC,5814,food,
7476192,CUST_00280,2010-01-01 08:41:00,10.67,Roseville,CA,5812,food,
7476194,CUST_00222,2010-01-01 08:42:00,2.43,Deshler,OH,5411,food,
7476195,CUST_00289,2010-01-01 08:42:00,-91.0,Oklahoma City,OK,5541,fuel,
7476196,CUST_00126,2010-01-01 08:42:00,57.0,Wichita,KS,5499,food,
7476197,CUST_00028,2010-01-01 08:42:00,10.3,Tulsa,OK,5541,fuel,
7476198,CUST_00242,2010-01-01 08:42:00,6.94,Bessemer,AL,5812,food,
7476200,CUST_00139,2010-01-01 08:43:00,28.22,ONLINE,,4784,travel,
7476201,CUST_00148,2010-01-01 08:43:00,120.0,Oakland,CA,4829,utilities,
7476202,CUST_00096,2010-01-01 08:43:00,1.42,Passaic,NJ,5812,food,
7476203,CUST_00130,2010-01-01 08:43:00,243.56,Lake Hopatcong,NJ,5932,shopping,
7476204,CUST_00224,2010-01-01 08:44:00,13.44,Williston Park,NY,5812,food,
7476205,CUST_00283,2010-01-01 08:44:00,-53.0,Saint Charles,IL,5541,fuel,
7476206,CUST_00091,2010-01-01 08:45:00,43.46,ONLINE,,4784,travel,
7476207,CUST_00141,2010-01-01 08:45:00,1.23,Statesville,NC,5499,food,
7476208,CUST_00204,2010-01-01 08:45:00,100.0,Lebanon,IN,4829,utilities,
7476209,CUST_00283,2010-01-01 08:46:00,61.28,Saint Charles,IL,5541,fuel,
7476210,CUST_00191,2010-01-01 08:47:00,80.0,North Hollywood,CA,4829,utilities,
7476211,CUST_00236,2010-01-01 08:47:00,80.0,Palm Coast,FL,4829,utilities,
7476212,CUST_00255,2010-01-01 08:48:00,89.95,Brookfield,IL,7538,purchase,
7476213,CUST_00132,2010-01-01 08:48:00,7.53,Crown Point,IN,5411,food,
7476214,CUST_00148,2010-01-01 08:48:00,5.33,Honolulu,HI,5812,food,
7476215,CUST_00300,2010-01-01 08:48:00,89.95,Playa Vista,CA,5411,food,
7476216,CUST_00282,2010-01-01 08:49:00,55.3,Madison,GA,5912,utilities,
7476218,CUST_00121,2010-01-01 08:49:00,27.29,ONLINE,,4121,travel,
7476219,CUST_00006,2010-01-01 08:49:00,27.23,Portageville,MO,7538,purchase,
7476221,CUST_00200,2010-01-01 08:50:00,8.57,Daytona Beach,FL,5812,food,
7476222,CUST_00132,2010-01-01 08:50:00,60.0,Silver Spring,MD,4829,utilities,
7476223,CUST_00180,2010-01-01 08:50:00,16.63,ONLINE,,5815,food,
7476224,CUST_00234,2010-01-01 08:50:00,2.25,Seymour,IN,5812,food,
7476226,CUST_00033,2010-01-01 08:50:00,3.85,Kirkland,WA,5814,food,
7476227,CUST_00087,2010-01-01 08:50:00,3.22,Cleveland,OH,5812,food,
7476229,CUST_00249,2010-01-01 08:51:00,1.88,West Columbia,SC,5411,food,
7476231,CUST_00224,2010-01-01 08:52:00,0.52,Williston Park,NY,5814,food,
7476232,CUST_00076,2010-01-01 08:52:00,77.66,Arlington,VA,7538,purchase,
7476233,CUST_00240,2010-01-01 08:52:00,13.64,Everett,PA,5300,shopping,
7476234,CUST_00242,2010-01-01 08:52:00,94.56,ONLINE,,5311,shopping,
7476235,CUST_00204,2010-01-01 08:53:00,17.37,Seattle,WA,5499,food,
7476236,CUST_00139,2010-01-01 08:53:00,3.61,Lebanon,OR,5942,shopping,
7476237,CUST_00289,2010-01-01 08:54:00,45.18,Oklahoma City,OK,5541,fuel,
7476238,CUST_00070,2010-01-01 08:54:00,6.5,Independence,MO,5541,fuel,
7476239,CUST_00126,2010-01-01 08:55:00,2.48,Grenada,MS,5541,fuel,
7476240,CUST_00101,2010-01-01 08:55:00,53.58,Holgate,OH,7538,purchase,
7476241,CUST_00234,2010-01-01 08:55:00,3.01,Warner Robins,GA,5411,food,
7476243,CUST_00160,2010-01-01 08:56:00,68.48,Millville,NJ,4814,utilities,
7476244,CUST_00230,2010-01-01 08:56:00,0.86,Teaneck,NJ,5411,food,
7476245,CUST_00090,2010-01-01 08:56:00,6.4,Jay,OK,5541,fuel,
7476246,CUST_00182,2010-01-01 08:57:00,39.08,Nashville,TN,7538,purchase,
7476247,CUST_00280,2010-01-01 08:57:00,0.2,Rural Valley,PA,5499,food,
7476248,CUST_00124,2010-01-01 08:57:00,44.61,ONLINE,,4784,travel,
7476249,CUST_00258,2010-01-01 08:57:00,28.07,ONLINE,,4784,travel,
7476252,CUST_00261,2010-01-01 08:58:00,16.17,San Antonio,TX,4121,travel,
7476253,CUST_00272,2010-01-01 08:58:00,16.41,ONLINE,,4121,travel,
7476254,CUST_00227,2010-01-01 08:58:00,1.21,Brooklyn,NY,5411,food,
7476255,CUST_00181,2010-01-01 08:58:00,2.06,Frederick,MD,5942,shopping,
7476257,CUST_00012,2010-01-01 08:58:00,62.82,North Little Rock,AR,5311,shopping,
7476258,CUST_00204,2010-01-01 08:59:00,-66.0,Seattle,WA,5499,food,
7476259,CUST_00029,2010-01-01 08:59:00,4.97,League City,TX,5411,food,
7476260,CUST_00087,2010-01-01 08:59:00,2.56,Reidsville,NC,5814,food,
7476261,CUST_00248,2010-01-01 08:59:00,9.85,Houston,TX,5812,food,
7476262,CUST_00235,2010-01-01 08:59:00,18.06,Naples,FL,5912,utilities,
7476263,CUST_00124,2010-01-01 08:59:00,33.1,ONLINE,,4784,travel,
7476264,CUST_00036,2010-01-01 08:59:00,11.53,Piggott,AR,5411,food,
7476267,CUST_00139,2010-01-01 09:01:00,3.64,Lebanon,OR,5814,food,
7476268,CUST_00180,2010-01-01 09:01:00,13.89,ONLINE,,4784,travel,
7476269,CUST_00113,2010-01-01 09:01:00,4.9,Colorado Springs,CO,5814,food,
7476271,CUST_00278,2010-01-01 09:01:00,2.36,Arcadia,LA,5814,food,
7476273,CUST_00007,2010-01-01 09:02:00,7.99,Newark,DE,5541,fuel,
7476274,CUST_00128,2010-01-01 09:02:00,7.83,Lewistown,PA,5411,food,
7476275,CUST_00032,2010-01-01 09:02:00,15.77,ONLINE,,4121,travel,
7476276,CUST_00035,2010-01-01 09:02:00,54.23,New York,NY,7538,purchase,
7476277,CUST_00242,2010-01-01 09:02:00,72.08,Union,NJ,5310,shopping,
7476278,CUST_00126,2010-01-01 09:02:00,143.69,Dallas,TX,3405,travel,
7476280,CUST_00225,2010-01-01 09:03:00,20.29,Almont,MI,5813,entertainment,
7476283,CUST_00196,2010-01-01 09:03:00,1.15,Olympia,WA,5812,food,
7476284,CUST_00124,2010-01-01 09:04:00,107.12,Canton,MI,5310,shopping,
7476285,CUST_00289,2010-01-01 09:04:00,127.48,Rochester,MN,5411,food,
7476286,CUST_00261,2010-01-01 09:04:00,2.9,Cookeville,TN,5814,food,
7476288,CUST_00225,2010-01-01 09:04:00,4.13,Summerville,SC,5541,fuel,
7476289,CUST_00083,2010-01-01 09:04:00,3.16,Belfair,WA,5411,food,
7476290,CUST_00137,2010-01-01 09:04:00,34.33,ONLINE,,4784,travel,
7476291,CUST_00160,2010-01-01 09:04:00,23.65,ONLINE,,4784,travel,
7476292,CUST_00189,2010-01-01 09:04:00,10.21,Anaheim,CA,5310,shopping,
7476294,CUST_00110,2010-01-01 09:05:00,80.0,Channelview,TX,4829,utilities,
7476295,CUST_00197,2010-01-01 09:05:00,19.14,ONLINE,,4784,travel,
7476296,CUST_00148,2010-01-01 09:06:00,120.0,Oakland,CA,4829,utilities,
7476297,CUST_00075,2010-01-01 09:06:00,27.33,Tampa,FL,5411,food,
7476298,CUST_00182,2010-01-01 09:06:00,2.29,Nashville,TN,5541,fuel,
7476299,CUST_00029,2010-01-01 09:06:00,3.53,La Porte,TX,5411,food,
7476300,CUST_00081,2010-01-01 09:06:00,45.72,Barberton,OH,5211,shopping,
7476301,CUST_00271,2010-01-01 09:06:00,13.46,Jamul,CA,5411,food,
7476302,CUST_00142,2010-01-01 09:06:00,52.94,ONLINE,,4784,travel,
7476303,CUST_00029,2010-01-01 09:06:00,12.86,Huntington Station,NY,5411,food,
7476304,CUST_00071,2010-01-01 09:07:00,23.49,ONLINE,,4784,travel,
7476305,CUST_00299,2010-01-01 09:07:00,-57.0,Hawthorne,CA,5541,fuel,
7476306,CUST_00136,2010-01-01 09:07:00,5.22,Harwich,MA,5411,food,
7476307,CUST_00224,2010-01-01 09:07:00,3.68,Plymouth,MI,5812,food,
7476308,CUST_00299,2010-01-01 09:08:00,19.4,Hawthorne,CA,5541,fuel,
7476309,CUST_00229,2010-01-01 09:08:00,4.64,Alamo,TX,5411,food,
7476310,CUST_00253,2010-01-01 09:08:00,1.01,Henrico,VA,5814,food,
7476312,CUST_00131,2010-01-01 09:09:00,2.31,Waldorf,MD,5812,food,
7476314,CUST_00295,2010-01-01 09:09:00,4.31,Colfax,WI,5812,food,
7476315,CUST_00131,2010-01-01 09:09:00,5.67,Vienna,VA,5541,fuel,
7476316,CUST_00245,2010-01-01 09:09:00,7.62,Tampa,FL,5411,food,
7476317,CUST_00146,2010-01-01 09:09:00,2.68,Pearland,TX,5411,food,
7476318,CUST_00069,2010-01-01 09:10:00,4.76,Hillsboro,OR,5942,shopping,
7476319,CUST_00152,2010-01-01 09:10:00,0.21,Chula Vista,CA,5499,food,
7476321,CUST_00121,2010-01-01 09:10:00,10.18,Vacaville,CA,4121,travel,
7476322,CUST_00039,2010-01-01 09:11:00,8.44,Ocoee,FL,5541,fuel,
7476323,CUST_00288,2010-01-01 09:11:00,41.3,Thackerville,OK,7995,entertainment,
7476326,CUST_00253,2010-01-01 09:12:00,3.81,Kamas,UT,5541,fuel,
7476327,CUST_00032,2010-01-01 09:12:00,1.81,Nicholson,GA,5942,shopping,
7476328,CUST_00265,2010-01-01 09:12:00,2.2,Rochelle,IL,5812,food,
7476329,CUST_00211,2010-01-01 09:12:00,-78.0,Albuquerque,NM,5499,food,
7476330,CUST_00175,2010-01-01 09:13:00,60.0,Skaneateles Falls,NY,4829,utilities,
7476331,CUST_00061,2010-01-01 09:13:00,1.72,Flushing,NY,5411,food,
7476332,CUST_00261,2010-01-01 09:13:00,20.14,ONLINE,,4121,travel,
7476333,CUST_00234,2010-01-01 09:13:00,3.85,Warner Robins,GA,5814,food,
7476334,CUST_00020,2010-01-01 09:14:00,0.88,Alhambra,CA,5814,food,
7476335,CUST_00081,2010-01-01 09:14:00,41.76,Chicago,IL,5541,fuel,
7476336,CUST_00211,2010-01-01 09:14:00,48.27,Albuquerque,NM,5499,food,
7476338,CUST_00143,2010-01-01 09:15:00,56.73,ONLINE,,4784,travel,
7476339,CUST_00210,2010-01-01 09:15:00,6.03,Palm Beach Gardens,FL,5411,food,
7476341,CUST_00112,2010-01-01 09:15:00,31.57,ONLINE,,4121,travel,
7476342,CUST_00179,2010-01-01 09:15:00,6.13,Goodwell,OK,5812,food,
7476343,CUST_00134,2010-01-01 09:16:00,9.29,Newark,NJ,5411,food,
7476344,CUST_00108,2010-01-01 09:16:00,79.76,Lake View,NY,5655,shopping,
7476345,CUST_00044,2010-01-01 09:16:00,7.99,San Mateo,CA,5814,food,
7476346,CUST_00281,2010-01-01 09:16:00,8.64,Freehold,NY,5411,food,
7476348,CUST_00087,2010-01-01 09:16:00,3.04,Cleveland,OH,5411,food,
7476349,CUST_00222,2010-01-01 09:17:00,3.76,Deshler,OH,5812,food,
7476350,CUST_00058,2010-01-01 09:17:00,120.0,San Angelo,TX,4829,utilities,
7476351,CUST_00248,2010-01-01 09:17:00,0.28,Crane,MO,5499,food,
7476352,CUST_00096,2010-01-01 09:18:00,3.21,Walnut Creek,CA,5411,food,
7476353,CUST_00081,2010-01-01 09:18:00,-71.0,Chicago,IL,5541,fuel,
7476354,CUST_00094,2010-01-01 09:18:00,61.89,Rockville Centre,NY,7538,purchase,
7476356,CUST_00278,2010-01-01 09:19:00,8.85,Danville,VA,5411,food,
7476357,CUST_00002,2010-01-01 09:19:00,1.48,Thomson,GA,5499,food,
7476358,CUST_00044,2010-01-01 09:19:00,4.86,Earlington,PA,5411,food,
7476359,CUST_00299,2010-01-01 09:20:00,57.0,Hawthorne,CA,5541,fuel,
7476360,CUST_00224,2010-01-01 09:20:00,10.84,Williston Park,NY,5651,shopping,
7476361,CUST_00165,2010-01-01 09:20:00,3.54,Cochranville,PA,5411,food,
7476362,CUST_00275,2010-01-01 09:20:00,3.25,Mount Pleasant,NC,5411,food,
7476363,CUST_00277,2010-01-01 09:21:00,2.49,Bowling Green,KY,5814,food,
7476366,CUST_00298,2010-01-01 09:21:00,2.23,Oceanside,CA,5411,food,
7476367,CUST_00243,2010-01-01 09:21:00,2.55,Pacoima,CA,5814,food,
7476368,CUST_00260,2010-01-01 09:21:00,45.84,York,PA,5310,shopping,
7476369,CUST_00180,2010-01-01 09:22:00,3.24,San Benito,TX,5655,shopping,
7476370,CUST_00237,2010-01-01 09:22:00,2.02,Cedar Rapids,IA,5411,food,
7476371,CUST_00211,2010-01-01 09:22:00,78.0,Albuquerque,NM,5499,food,
7476372,CUST_00167,2010-01-01 09:22:00,47.94,ONLINE,,4784,travel,
7476373,CUST_00222,2010-01-01 09:23:00,8.71,Crenshaw,MS,5411,food,
7476374,CUST_00135,2010-01-01 09:23:00,6.25,North Chili,NY,5411,food,
7476375,CUST_00050,2010-01-01 09:24:00,80.0,Shreveport,LA,4829,utilities,
7476376,CUST_00047,2010-01-01 09:24:00,6.43,Mastic Beach,NY,5812,food,
7476377,CUST_00043,2010-01-01 09:24:00,1.57,Bronx,NY,5499,food,
7476378,CUST_00086,2010-01-01 09:25:00,1.49,Huntington,WV,5411,food,
7476379,CUST_00103,2010-01-01 09:25:00,8.62,Independence,OH,5812,food,
7476382,CUST_00176,2010-01-01 09:26:00,150.45,Pascoag,RI,5300,shopping,
7476384,CUST_00174,2010-01-01 09:26:00,10.95,Valley Stream,NY,5814,food,
7476385,CUST_00095,2010-01-01 09:26:00,27.72,Wauconda,IL,4121,travel,
7476386,CUST_00221,2010-01-01 09:27:00,27.69,Bastrop,TX,5912,utilities,
7476388,CUST_00047,2010-01-01 09:27:00,3.68,Geneva,IN,5411,food,
7476389,CUST_00074,2010-01-01 09:27:00,11.88,Philadelphia,PA,5812,food,
7476391,CUST_00081,2010-01-01 09:27:00,71.0,Chicago,IL,5541,fuel,
7476393,CUST_00035,2010-01-01 09:27:00,103.96,New York,NY,5300,shopping,
7476395,CUST_00137,2010-01-01 09:27:00,1.46,Sunnyvale,CA,5814,food,
7476396,CUST_00035,2010-01-01 09:28:00,6.01,Worcester,MA,5541,fuel,
7476397,CUST_00163,2010-01-01 09:28:00,125.85,ONLINE,,4899,utilities,
7476398,CUST_00007,2010-01-01 09:29:00,5.63,New Orleans,LA,5541,fuel,
7476399,CUST_00084,2010-01-01 09:29:00,5.97,Omaha,NE,5411,food,
7476401,CUST_00052,2010-01-01 09:30:00,12.17,Barron,WI,5812,food,
7476402,CUST_00213,2010-01-01 09:30:00,4.19,Huntsville,TX,5942,shopping,
7476403,CUST_00285,2010-01-01 09:30:00,8.17,Falmouth,MA,5411,food,
7476405,CUST_00287,2010-01-01 09:31:00,27.78,Silver City,NM,5541,fuel,
7476406,CUST_00017,2010-01-01 09:31:00,57.29,ONLINE,,4814,utilities,
7476407,CUST_00132,2010-01-01 09:31:00,4.84,Crown Point,IN,5812,food,
7476408,CUST_00059,2010-01-01 09:31:00,1.54,Federal Way,WA,5499,food,
7476410,CUST_00282,2010-01-01 09:31:00,144.34,Bradenton,FL,4814,utilities,
7476412,CUST_00053,2010-01-01 09:33:00,12.11,Miami,FL,5499,food,
7476413,CUST_00250,2010-01-01 09:33:00,19.53,ONLINE,,4784,travel,
7476415,CUST_00237,2010-01-01 09:34:00,2.5,Cedar Rapids,IA,5411,food,
7476417,CUST_00136,2010-01-01 09:34:00,5.23,Harwich,MA,5411,food,
7476418,CUST_00020,2010-01-01 09:34:00,0.75,Alhambra,CA,5411,food,
7476419,CUST_00035,2010-01-01 09:34:00,100.79,New York,NY,7538,purchase,
7476420,CUST_00293,2010-01-01 09:34:00,21.14,Kailua,HI,5499,food,
7476421,CUST_00017,2010-01-01 09:35:00,13.02,Saint Louis,MO,5411,food,
7476422,CUST_00129,2010-01-01 09:35:00,-96.0,Fayetteville,NC,5541,fuel,
7476423,CUST_00087,2010-01-01 09:35:00,13.86,Yonkers,NY,5812,food,
7476424,CUST_00178,2010-01-01 09:35:00,2.4,Clinton,OH,5411,food,
7476425,CUST_00155,2010-01-01 09:35:00,32.28,ONLINE,,4784,travel,
7476427,CUST_00205,2010-01-01 09:35:00,0.61,Dyer,IN,5499,food,
7476429,CUST_00164,2010-01-01 09:36:00,3.08,Watsonville,CA,5411,food,
7476430,CUST_00241,2010-01-01 09:36:00,100.0,Charlotte,NC,4829,utilities,
7476432,CUST_00119,2010-01-01 09:36:00,4.16,Smith Center,KS,5541,fuel,
7476433,CUST_00293,2010-01-01 09:36:00,99.0,Kailua,HI,5499,food,
7476434,CUST_00250,2010-01-01 09:37:00,186.26,Thackerville,OK,7995,entertainment,
7476435,CUST_00249,2010-01-01 09:37:00,2.82,Melbourne,FL,5814,food,
7476436,CUST_00129,2010-01-01 09:37:00,96.0,Fayetteville,NC,5541,fuel,
7476437,CUST_00096,2010-01-01 09:37:00,-230.0,Glade Spring,VA,7011,travel,
7476438,CUST_00098,2010-01-01 09:37:00,40.66,Nashport,OH,5541,fuel,
7476439,CUST_00096,2010-01-01 09:38:00,55.36,Glade Spring,VA,7011,travel,
7476440,CUST_00249,2010-01-01 09:38:00,10.38,Sarasota,FL,5541,fuel,
7476441,CUST_00296,2010-01-01 09:39:00,24.42,Tyler,TX,5621,shopping,
7476442,CUST_00250,2010-01-01 09:39:00,21.64,Chattanooga,TN,5310,shopping,
7476443,CUST_00168,2010-01-01 09:39:00,17.24,Milpitas,CA,5813,entertainment,
7476444,CUST_00291,2010-01-01 09:39:00,0.31,Chicago,IL,5942,shopping,
7476445,CUST_00108,2010-01-01 09:40:00,2.02,Lancaster,NY,5411,food,
7476448,CUST_00096,2010-01-01 09:40:00,105.26,Parsippany,NJ,5912,utilities,
7476449,CUST_00277,2010-01-01 09:40:00,4.84,Bowling Green,KY,5411,food,
7476450,CUST_00152,2010-01-01 09:41:00,67.49,Garland,TX,4111,travel,
7476451,CUST_00221,2010-01-01 09:41:00,3.95,Banning,CA,5499,food,
7476452,CUST_00115,2010-01-01 09:41:00,4.2,Hurst,TX,5411,food,
7476453,CUST_00119,2010-01-01 09:41:00,78.37,Smith Center,KS,5541,fuel,
7476455,CUST_00253,2010-01-01 09:41:00,62.42,Henrico,VA,5541,fuel,
7476454,CUST_00253,2010-01-01 09:41:00,-64.0,Henrico,VA,5541,fuel,
7476456,CUST_00263,2010-01-01 09:41:00,4.07,Paducah,KY,5942,shopping,
7476457,CUST_00254,2010-01-01 09:41:00,8.82,Rancho Cucamonga,CA,5411,food,
7476458,CUST_00057,2010-01-01 09:41:00,20.08,Indianapolis,IN,4121,travel,
7476459,CUST_00238,2010-01-01 09:42:00,8.48,Huntington,WV,5411,food,
7476460,CUST_00112,2010-01-01 09:42:00,13.6,Manning,SC,5541,fuel,
7476461,CUST_00132,2010-01-01 09:42:00,40.0,Silver Spring,MD,4829,utilities,
7476462,CUST_00138,2010-01-01 09:42:00,2.32,Vallejo,CA,5942,shopping,
7476464,CUST_00279,2010-01-01 09:43:00,5.25,North Hollywood,CA,5541,fuel,
7476465,CUST_00256,2010-01-01 09:43:00,3.42,Pensacola,FL,5411,food,
7476466,CUST_00098,2010-01-01 09:43:00,81.0,Nashport,OH,5541,fuel,
7476467,CUST_00217,2010-01-01 09:43:00,2.55,Westminster,CA,5499,food,
7476468,CUST_00161,2010-01-01 09:43:00,7.11,Monroe,NY,5411,food,
7476469,CUST_00014,2010-01-01 09:44:00,81.8,Mesa,AZ,5912,utilities,
7476470,CUST_00219,2010-01-01 09:44:00,13.19,Derby,KS,4121,travel,
7476471,CUST_00151,2010-01-01 09:44:00,41.75,ONLINE,,4784,travel,
7476472,CUST_00135,2010-01-01 09:44:00,3.92,Annandale,VA,5814,food,
7476473,CUST_00221,2010-01-01 09:45:00,92.84,Cedar Park,TX,5311,shopping,
7476474,CUST_00061,2010-01-01 09:45:00,2.81,Flushing,NY,5812,food,
7476475,CUST_00035,2010-01-01 09:45:00,50.1,Worcester,MA,7538,purchase,
7476476,CUST_00002,2010-01-01 09:45:00,77.0,Shingle Springs,CA,5499,food,
7476477,CUST_00272,2010-01-01 09:46:00,11.83,Sanford,FL,5942,shopping,
7476479,CUST_00139,2010-01-01 09:47:00,12.03,Houston,TX,5411,food,
7476480,CUST_00288,2010-01-01 09:47:00,30.31,Thackerville,OK,7995,entertainment,
7476481,CUST_00240,2010-01-01 09:47:00,2.72,Everett,PA,5411,food,
7476482,CUST_00142,2010-01-01 09:48:00,42.95,ONLINE,,4784,travel,
7476483,CUST_00098,2010-01-01 09:48:00,-81.0,Nashport,OH,5541,fuel,
7476484,CUST_00148,2010-01-01 09:49:00,80.0,Newton Grove,NC,4829,utilities,
7476485,CUST_00055,2010-01-01 09:49:00,36.78,Beaverdam,VA,4121,travel,
7476486,CUST_00267,2010-01-01 09:49:00,66.47,Springwater,NY,5311,shopping,
7476487,CUST_00202,2010-01-01 09:50:00,20.04,Little Rock,AR,7538,purchase,
7476488,CUST_00206,2010-01-01 09:50:00,69.72,ONLINE,,4900,utilities,
7476489,CUST_00163,2010-01-01 09:50:00,9.07,Millington,TN,5912,utilities,
7476490,CUST_00253,2010-01-01 09:50:00,64.0,Henrico,VA,5541,fuel,
7476491,CUST_00072,2010-01-01 09:51:00,1.79,Elyria,OH,5812,food,
7476493,CUST_00061,2010-01-01 09:52:00,183.35,Memphis,TN,4814,utilities,
7476494,CUST_00069,2010-01-01 09:52:00,2.18,Grampian,PA,5812,food,
7476495,CUST_00119,2010-01-01 09:52:00,-80.0,Smith Center,KS,5541,fuel,
7476496,CUST_00002,2010-01-01 09:52:00,61.69,Shingle Springs,CA,5499,food,
7476498,CUST_00217,2010-01-01 09:53:00,3.13,Philadelphia,PA,5814,food,
7476499,CUST_00075,2010-01-01 09:54:00,9.44,Franklin,TN,5411,food,
7476500,CUST_00085,2010-01-01 09:54:00,2.05,Gresham,OR,5499,food,
7476501,CUST_00107,2010-01-01 09:54:00,6.82,Stanford,KY,5541,fuel,
7476502,CUST_00221,2010-01-01 09:55:00,9.6,Elgin,TX,5411,food,
7476503,CUST_00211,2010-01-01 09:55:00,96.46,Lake Charles,LA,5411,food,
7476506,CUST_00119,2010-01-01 09:55:00,80.0,Smith Center,KS,5541,fuel,
7476507,CUST_00193,2010-01-01 09:56:00,2.77,Manteca,CA,5411,food,
7476508,CUST_00047,2010-01-01 09:56:00,2.49,Grabill,IN,5812,food,
7476509,CUST_00074,2010-01-01 09:56:00,9.92,Miami,FL,5411,food,
7476510,CUST_00084,2010-01-01 09:56:00,43.45,Omaha,NE,7996,entertainment,
7476511,CUST_00172,2010-01-01 09:56:00,11.83,San Jose,CA,5541,fuel,
7476512,CUST_00285,2010-01-01 09:56:00,4.02,Seattle,WA,5411,food,
7476514,CUST_00288,2010-01-01 09:57:00,8.49,Chicago,IL,5814,food,
7476515,CUST_00125,2010-01-01 09:57:00,147.96,ONLINE,,4899,utilities,
7476516,CUST_00047,2010-01-01 09:58:00,1.31,Grabill,IN,5812,food,Bad PIN
7476517,CUST_00129,2010-01-01 09:58:00,17.08,Fayetteville,NC,5541,fuel,
7476518,CUST_00293,2010-01-01 09:58:00,-99.0,Kailua,HI,5499,food,
7476519,CUST_00151,2010-01-01 09:59:00,1.09,Dover,OH,5411,food,
7476521,CUST_00085,2010-01-01 09:59:00,89.61,New Kensington,PA,5300,shopping,
7476522,CUST_00015,2010-01-01 09:59:00,4.11,Riverside,IA,5812,food,
7476523,CUST_00003,2010-01-01 09:59:00,23.59,ONLINE,,4121,travel,
7476524,CUST_00200,2010-01-01 09:59:00,0.98,Eastman,GA,5499,food,
7476525,CUST_00033,2010-01-01 09:59:00,2.81,Gloucester,VA,5411,food,
7476526,CUST_00002,2010-01-01 09:59:00,-77.0,Shingle Springs,CA,5499,food,
7476527,CUST_00113,2010-01-01 10:00:00,14.85,Richmond,VA,5499,food,
7476528,CUST_00132,2010-01-01 10:00:00,12.19,Crown Point,IN,5411,food,
7476529,CUST_00194,2010-01-01 10:00:00,2.38,Newington,CT,5411,food,
7476530,CUST_00261,2010-01-01 10:00:00,75.08,ONLINE,,4784,travel,
7476532,CUST_00037,2010-01-01 10:01:00,58.26,ONLINE,,4784,travel,
7476535,CUST_00278,2010-01-01 10:02:00,-88.0,Bradenton,FL,5541,fuel,
7476536,CUST_00043,2010-01-01 10:02:00,80.0,Pueblo,CO,4829,utilities,
7476537,CUST_00158,2010-01-01 10:02:00,8.68,East Peoria,IL,5814,food,
7476538,CUST_00037,2010-01-01 10:02:00,17.63,Walnut Creek,CA,5411,food,
7476539,CUST_00235,2010-01-01 10:02:00,11.31,Brooklyn,NY,5814,food,
7476542,CUST_00269,2010-01-01 10:02:00,84.0,Aurora,CO,5541,fuel,
7476543,CUST_00031,2010-01-01 10:02:00,75.63,Berkeley Heights,NJ,5541,fuel,
7476545,CUST_00028,2010-01-01 10:02:00,204.59,Minneapolis,MN,5541,fuel,
7476546,CUST_00197,2010-01-01 10:02:00,22.42,ONLINE,,4784,travel,
7476547,CUST_00093,2010-01-01 10:02:00,7.64,Albuquerque,NM,5411,food,
7476548,CUST_00146,2010-01-01 10:02:00,140.0,Texas City,TX,4829,utilities,
7476549,CUST_00251,2010-01-01 10:03:00,8.16,Vatican City,Vatican City,5812,food,
7476551,CUST_00291,2010-01-01 10:03:00,2.94,Nanticoke,PA,5499,food,
7476554,CUST_00211,2010-01-01 10:03:00,-80.0,Albuquerque,NM,5499,food,
7476555,CUST_00258,2010-01-01 10:03:00,2.28,Livingston,MT,5499,food,
7476557,CUST_00090,2010-01-01 10:04:00,7.48,Las Vegas,NV,5812,food,
7476558,CUST_00285,2010-01-01 10:04:00,-197.0,Taunton,MA,3359,travel,
7476559,CUST_00031,2010-01-01 10:04:00,61.0,Berkeley Heights,NJ,5541,fuel,
7476560,CUST_00046,2010-01-01 10:04:00,147.76,Lincoln Park,MI,3771,travel,
7476563,CUST_00217,2010-01-01 10:05:00,-83.0,Westminster,CA,5499,food,
7476564,CUST_00032,2010-01-01 10:06:00,80.0,New Braunfels,TX,4829,utilities,
7476565,CUST_00278,2010-01-01 10:07:00,88.0,Bradenton,FL,5541,fuel,
7476566,CUST_00047,2010-01-01 10:07:00,5.44,Fort Wayne,IN,4214,travel,
7476567,CUST_00033,2010-01-01 10:07:00,25.94,Depew,NY,5541,fuel,
7476569,CUST_00076,2010-01-01 10:07:00,109.84,Arlington,VA,5541,fuel,
7476570,CUST_00043,2010-01-01 10:07:00,26.69,Bronx,NY,4121,travel,
7476571,CUST_00016,2010-01-01 10:07:00,29.29,Naugatuck,CT,5912,utilities,
7476572,CUST_00122,2010-01-01 10:07:00,3.63,New York,NY,5912,utilities,
7476573,CUST_00232,2010-01-01 10:08:00,81.68,Phoenix,AZ,5912,utilities,
7476575,CUST_00278,2010-01-01 10:08:00,2.94,Amarillo,TX,5812,food,
7476576,CUST_00207,2010-01-01 10:08:00,14.51,Augusta,GA,5812,food,
7476577,CUST_00171,2010-01-01 10:09:00,6.65,Sodus,NY,5411,food,
7476578,CUST_00028,2010-01-01 10:09:00,79.86,Tulsa,OK,5541,fuel,
7476579,CUST_00198,2010-01-01 10:09:00,44.47,ONLINE,,4784,travel,
7476580,CUST_00217,2010-01-01 10:09:00,83.0,Westminster,CA,5499,food,
7476581,CUST_00103,2010-01-01 10:10:00,86.59,Independence,OH,7538,purchase,
7476582,CUST_00261,2010-01-01 10:10:00,1.68,Corinth,MS,5942,shopping,
7476583,CUST_00031,2010-01-01 10:10:00,-61.0,Berkeley Heights,NJ,5541,fuel,
7476584,CUST_00046,2010-01-01 10:10:00,-333.0,Lincoln Park,MI,3771,travel,
7476585,CUST_00298,2010-01-01 10:10:00,5.17,Oceanside,CA,5812,food,
7476586,CUST_00194,2010-01-01 10:11:00,49.58,ONLINE,,4814,utilities,
7476587,CUST_00200,2010-01-01 10:11:00,21.6,ONLINE,,5311,shopping,
7476588,CUST_00030,2010-01-01 10:11:00,14.09,Arnold,MO,5812,food,
7476590,CUST_00252,2010-01-01 10:12:00,0.26,Newnan,GA,5942,shopping,
7476591,CUST_00254,2010-01-01 10:12:00,15.43,ONLINE,,4121,travel,
7476592,CUST_00035,2010-01-01 10:12:00,18.17,ONLINE,,4121,travel,
7476593,CUST_00269,2010-01-01 10:12:00,78.48,Aurora,CO,5541,fuel,Insufficient Balance
7476594,CUST_00241,2010-01-01 10:12:00,16.02,San Francisco,CA,5970,shopping,
7476595,CUST_00271,2010-01-01 10:12:00,19.52,Bancroft,IA,5411,food,
7476596,CUST_00072,2010-01-01 10:12:00,4.82,Carleton,MI,5812,food,
7476598,CUST_00294,2010-01-01 10:13:00,108.41,ONLINE,,4899,utilities,
7476599,CUST_00097,2010-01-01 10:13:00,2.55,Palm Bay,FL,5411,food,
7476600,CUST_00028,2010-01-01 10:13:00,59.0,Tulsa,OK,5541,fuel,
7476601,CUST_00269,2010-01-01 10:13:00,100.0,Aurora,CO,5541,fuel,
7476605,CUST_00008,2010-01-01 10:15:00,0.85,Pottsboro,TX,5411,food,
7476606,CUST_00170,2010-01-01 10:15:00,10.4,Philadelphia,PA,5812,food,
7476607,CUST_00241,2010-01-01 10:15:00,170.43,Oakland,CA,3596,travel,
7476608,CUST_00217,2010-01-01 10:15:00,38.22,Westminster,CA,5499,food,
7476609,CUST_00049,2010-01-01 10:16:00,2.6,Merrill,WI,5411,food,
7476610,CUST_00069,2010-01-01 10:16:00,3.35,State College,PA,5411,food,
7476611,CUST_00107,2010-01-01 10:16:00,5.93,Stanford,KY,5812,food,
7476612,CUST_00084,2010-01-01 10:16:00,17.65,ONLINE,,4784,travel,
7476613,CUST_00163,2010-01-01 10:16:00,2.03,Los Angeles,CA,5411,food,
7476614,CUST_00278,2010-01-01 10:17:00,22.12,Bradenton,FL,5541,fuel,
7476615,CUST_00224,2010-01-01 10:17:00,162.84,Williston Park,NY,4900,utilities,
7476616,CUST_00174,2010-01-01 10:17:00,1.47,Indianapolis,IN,5499,food,
7476617,CUST_00269,2010-01-01 10:17:00,78.48,Aurora,CO,5541,fuel,Insufficient Balance
7476619,CUST_00267,2010-01-01 10:17:00,5.07,Phelps,NY,5541,fuel,
7476620,CUST_00234,2010-01-01 10:17:00,96.85,Woodland Hills,CA,7538,purchase,
7476621,CUST_00023,2010-01-01 10:18:00,1.43,Dallas,TX,5499,food,
7476622,CUST_00257,2010-01-01 10:18:00,4.76,Houston,TX,5812,food,
7476623,CUST_00213,2010-01-01 10:18:00,8.11,Houston,TX,5812,food,
7476624,CUST_00033,2010-01-01 10:18:00,59.0,Depew,NY,5541,fuel,
7476625,CUST_00189,2010-01-01 10:18:00,5.62,Ashland,KY,5812,food,
7476626,CUST_00241,2010-01-01 10:18:00,-320.0,Oakland,CA,3596,travel,
7476627,CUST_00242,2010-01-01 10:18:00,60.8,Bessemer,AL,5310,shopping,
7476629,CUST_00271,2010-01-01 10:19:00,-393.0,Oklahoma City,OK,3504,travel,
7476630,CUST_00193,2010-01-01 10:19:00,123.29,ONLINE,,4900,utilities,
7476632,CUST_00269,2010-01-01 10:19:00,-100.0,Aurora,CO,5541,fuel,
7476634,CUST_00185,2010-01-01 10:19:00,20.08,Montgomery,AL,5411,food,
7476636,CUST_00015,2010-01-01 10:20:00,14.86,Riverside,IA,5812,food,
7476638,CUST_00285,2010-01-01 10:20:00,138.82,Taunton,MA,3359,travel,
7476640,CUST_00234,2010-01-01 10:21:00,3.05,Minneapolis,MN,5541,fuel,
7476641,CUST_00271,2010-01-01 10:21:00,249.96,Oklahoma City,OK,3504,travel,
7476643,CUST_00269,2010-01-01 10:21:00,-84.0,Aurora,CO,5541,fuel,
7476644,CUST_00086,2010-01-01 10:21:00,3.0,Gonzales,TX,5411,food,
7476646,CUST_00222,2010-01-01 10:21:00,5.15,Houston,TX,5499,food,
7476647,CUST_00041,2010-01-01 10:21:00,13.29,Indianapolis,IN,5411,food,
7476648,CUST_00028,2010-01-01 10:22:00,-59.0,Tulsa,OK,5541,fuel,
7476649,CUST_00248,2010-01-01 10:22:00,2.52,Minneapolis,MN,5814,food,
7476650,CUST_00161,2010-01-01 10:23:00,4.37,Laurinburg,NC,5499,food,
7476652,CUST_00086,2010-01-01 10:24:00,2.64,Huntington,WV,5814,food,
7476653,CUST_00097,2010-01-01 10:24:00,64.73,Casper,WY,7538,purchase,
7476655,CUST_00200,2010-01-01 10:25:00,1.0,Centerville,GA,5812,food,
7476656,CUST_00155,2010-01-01 10:26:00,35.64,ONLINE,,4784,travel,
7476657,CUST_00033,2010-01-01 10:26:00,-59.0,Depew,NY,5541,fuel,
7476658,CUST_00291,2010-01-01 10:26:00,11.46,Pembroke Pines,FL,5812,food,
7476660,CUST_00211,2010-01-01 10:26:00,43.26,Albuquerque,NM,5499,food,
7476661,CUST_00258,2010-01-01 10:27:00,3.45,San Diego,CA,5411,food,
7476662,CUST_00031,2010-01-01 10:27:00,108.78,Morris Plains,NJ,5310,shopping,
7476664,CUST_00055,2010-01-01 10:28:00,39.15,ONLINE,,4121,travel,
7476665,CUST_00211,2010-01-01 10:28:00,80.0,Albuquerque,NM,5499,food,
7476666,CUST_00138,2010-01-01 10:29:00,59.15,Pinole,CA,7538,purchase,
7476667,CUST_00251,2010-01-01 10:29:00,21.92,Mount Holly,NC,7538,purchase,
7476668,CUST_00224,2010-01-01 10:29:00,9.1,Plymouth,MI,5541,fuel,
7476669,CUST_00139,2010-01-01 10:29:00,2.36,Williamstown,NJ,5411,food,
7476670,CUST_00191,2010-01-01 10:29:00,3.0,Mendham,NJ,5499,food,
7476671,CUST_00015,2010-01-01 10:30:00,6.22,Rowley,IA,5814,food,
7476672,CUST_00191,2010-01-01 10:30:00,140.0,Kissimmee,FL,4829,utilities,
7476675,CUST_00236,2010-01-01 10:31:00,9.86,Georgetown,IL,5310,shopping,
7476676,CUST_00116,2010-01-01 10:31:00,12.9,Mount Joy,PA,5814,food,
7476677,CUST_00052,2010-01-01 10:32:00,16.07,Birchwood,WI,5541,fuel,Technical Glitch
7476679,CUST_00105,2010-01-01 10:32:00,13.57,Hawarden,IA,5541,fuel,
7476680,CUST_00115,2010-01-01 10:32:00,24.37,Hurst,TX,5812,food,
7476681,CUST_00258,2010-01-01 10:32:00,1.44,Livingston,MT,5499,food,
7476682,CUST_00206,2010-01-01 10:32:00,2.65,Ferdinand,IN,5411,food,
7476683,CUST_00120,2010-01-01 10:33:00,8.76,Fort Knox,KY,5813,entertainment,
7476685,CUST_00192,2010-01-01 10:33:00,25.96,Fremont,CA,5812,food,
7476686,CUST_00075,2010-01-01 10:33:00,5.18,Westminster,SC,5812,food,
7476687,CUST_00136,2010-01-01 10:34:00,9.02,Barnstable,MA,5814,food,
7476689,CUST_00148,2010-01-01 10:35:00,10.28,Fayetteville,NC,5541,fuel,
7476690,CUST_00080,2010-01-01 10:35:00,16.09,Las Vegas,NV,5411,food,
7476691,CUST_00019,2010-01-01 10:35:00,171.9,Iowa City,IA,4900,utilities,
7476692,CUST_00163,2010-01-01 10:35:00,-295.0,Lincoln Park,MI,3771,travel,
7476693,CUST_00042,2010-01-01 10:35:00,39.89,Grand Rapids,MI,5211,shopping,
7476694,CUST_00189,2010-01-01 10:35:00,5.44,Ashland,KY,5411,food,
7476696,CUST_00131,2010-01-01 10:35:00,116.55,ONLINE,,4899,utilities,
7476697,CUST_00008,2010-01-01 10:35:00,1.02,Rossville,IN,5812,food,
7476698,CUST_00254,2010-01-01 10:36:00,13.43,Zebulon,NC,5812,food,
7476699,CUST_00291,2010-01-01 10:36:00,1.18,Canton,NC,5499,food,
7476700,CUST_00144,2010-01-01 10:36:00,76.87,La Porte,IN,5541,fuel,
7476701,CUST_00041,2010-01-01 10:36:00,8.57,Indianapolis,IN,5411,food,
7476703,CUST_00097,2010-01-01 10:37:00,162.76,Browntown,WI,7538,purchase,
7476704,CUST_00251,2010-01-01 10:37:00,11.66,Vatican City,Vatican City,5812,food,
7476705,CUST_00075,2010-01-01 10:37:00,88.15,Franklin,TN,5300,shopping,
7476706,CUST_00288,2010-01-01 10:37:00,10.95,Halifax,PA,5970,shopping,
7476707,CUST_00300,2010-01-01 10:37:00,3.97,Los Angeles,CA,5411,food,
7476708,CUST_00050,2010-01-01 10:37:00,15.59,Mukwonago,WI,5812,food,
7476709,CUST_00209,2010-01-01 10:37:00,35.44,Tucson,AZ,5499,food,
7476710,CUST_00049,2010-01-01 10:38:00,4.06,Mosinee,WI,5812,food,
7476711,CUST_00236,2010-01-01 10:38:00,32.17,ONLINE,,4121,travel,
7476712,CUST_00051,2010-01-01 10:38:00,80.0,Hendersonville,NC,4829,utilities,
7476713,CUST_00289,2010-01-01 10:38:00,8.43,Rochester,MN,5812,food,
7476714,CUST_00126,2010-01-01 10:38:00,49.12,Mount Vernon,OH,7538,purchase,
7476716,CUST_00182,2010-01-01 10:39:00,26.72,Minneapolis,MN,5411,food,
7476718,CUST_00089,2010-01-01 10:39:00,18.66,Pilger,NE,5812,food,
7476719,CUST_00101,2010-01-01 10:39:00,80.0,Atlanta,GA,4829,utilities,
7476720,CUST_00070,2010-01-01 10:39:00,-90.0,Lucasville,OH,5499,food,
7476721,CUST_00199,2010-01-01 10:39:00,5.39,Vero Beach,FL,5411,food,
7476722,CUST_00209,2010-01-01 10:39:00,-88.0,Tucson,AZ,5499,food,
7476723,CUST_00174,2010-01-01 10:40:00,10.92,Kew Gardens,NY,5411,food,
7476725,CUST_00163,2010-01-01 10:40:00,327.53,Lincoln Park,MI,3771,travel,
7476727,CUST_00199,2010-01-01 10:40:00,13.67,Miami,FL,5813,entertainment,
7476728,CUST_00209,2010-01-01 10:40:00,88.0,Tucson,AZ,5499,food,
7476729,CUST_00102,2010-01-01 10:40:00,139.17,Knoxville,TN,5300,shopping,
7476730,CUST_00122,2010-01-01 10:40:00,5.77,New York,NY,5411,food,
7476732,CUST_00233,2010-01-01 10:42:00,7.76,Burlington,IA,4121,travel,
7476733,CUST_00225,2010-01-01 10:42:00,11.14,Summerville,SC,5541,fuel,
7476734,CUST_00111,2010-01-01 10:42:00,9.82,Lakeville,MN,5541,fuel,
7476735,CUST_00257,2010-01-01 10:43:00,40.0,Muldrow,OK,4829,utilities,
7476737,CUST_00152,2010-01-01 10:43:00,171.97,Lubbock,TX,3504,travel,
7476736,CUST_00152,2010-01-01 10:43:00,-218.0,Lubbock,TX,3504,travel,
7476738,CUST_00110,2010-01-01 10:43:00,7.87,Houston,TX,5541,fuel,
7476739,CUST_00222,2010-01-01 10:43:00,13.08,Pittsfield,NH,5812,food,
7476740,CUST_00059,2010-01-01 10:43:00,11.78,Dallas,TX,5812,food,
7476741,CUST_00099,2010-01-01 10:44:00,123.98,Fayetteville,NC,7995,entertainment,
7476742,CUST_00073,2010-01-01 10:44:00,42.75,Rock Spring,GA,4814,utilities,
7476743,CUST_00101,2010-01-01 10:44:00,27.55,Newtown Square,PA,5541,fuel,
7476744,CUST_00168,2010-01-01 10:44:00,60.0,Jacksonville,FL,4829,utilities,
7476745,CUST_00065,2010-01-01 10:44:00,13.41,Columbus,OH,5813,entertainment,
7476746,CUST_00193,2010-01-01 10:44:00,0.31,ONLINE,,4784,travel,
7476747,CUST_00131,2010-01-01 10:44:00,8.52,Maywood,IL,5814,food,
7476748,CUST_00027,2010-01-01 10:44:00,57.85,Gresham,OR,5655,shopping,
7476749,CUST_00154,2010-01-01 10:44:00,43.44,ONLINE,,4121,travel,
7476751,CUST_00055,2010-01-01 10:45:00,-94.0,Winterville,NC,5541,fuel,
7476750,CUST_00055,2010-01-01 10:45:00,94.0,Winterville,NC,5541,fuel,
7476752,CUST_00114,2010-01-01 10:45:00,32.56,ONLINE,,4784,travel,
7476753,CUST_00248,2010-01-01 10:45:00,0.28,Crane,MO,5499,food,
7476754,CUST_00028,2010-01-01 10:45:00,8.03,Minneapolis,MN,5499,food,
7476755,CUST_00055,2010-01-01 10:45:00,1.57,Fayetteville,NC,5499,food,
7476756,CUST_00132,2010-01-01 10:46:00,10.13,Crown Point,IN,5812,food,
7476758,CUST_00235,2010-01-01 10:46:00,10.85,Brooklyn,NY,5812,food,
7476759,CUST_00085,2010-01-01 10:46:00,44.93,Springfield,KY,7538,purchase,
7476760,CUST_00206,2010-01-01 10:46:00,15.23,Sarasota,FL,5411,food,
7476761,CUST_00278,2010-01-01 10:46:00,14.69,Amarillo,TX,5411,food,
7476762,CUST_00098,2010-01-01 10:46:00,59.72,ONLINE,,4784,travel,
7476763,CUST_00237,2010-01-01 10:47:00,9.07,Cedar Rapids,IA,5812,food,
7476764,CUST_00071,2010-01-01 10:47:00,0.74,Bedford,IN,5812,food,
7476765,CUST_00090,2010-01-01 10:47:00,46.58,Richmond,VT,5193,purchase,
7476766,CUST_00238,2010-01-01 10:48:00,70.4,Olathe,KS,5411,food,
7476767,CUST_00285,2010-01-01 10:48:00,6.6,Wilton,CT,5812,food,
7476768,CUST_00055,2010-01-01 10:48:00,35.16,Beaverdam,VA,4121,travel,
7476769,CUST_00202,2010-01-01 10:48:00,12.48,Burney,CA,5411,food,
7476770,CUST_00202,2010-01-01 10:49:00,4.41,Little Rock,AR,5812,food,
7476771,CUST_00044,2010-01-01 10:49:00,13.27,Poughkeepsie,NY,5812,food,
7476772,CUST_00014,2010-01-01 10:49:00,1.35,Edinburgh,IN,5411,food,
7476775,CUST_00052,2010-01-01 10:50:00,10.48,Birchwood,WI,5541,fuel,
7476776,CUST_00097,2010-01-01 10:50:00,4.27,Palm Bay,FL,5411,food,
7476779,CUST_00073,2010-01-01 10:51:00,45.67,ONLINE,,4784,travel,
7476780,CUST_00055,2010-01-01 10:51:00,52.07,Winterville,NC,5541,fuel,
7476781,CUST_00070,2010-01-01 10:51:00,90.0,Lucasville,OH,5499,food,
7476782,CUST_00151,2010-01-01 10:52:00,17.15,Atlanta,GA,5411,food,
7476785,CUST_00275,2010-01-01 10:52:00,8.78,Hampstead,MD,5541,fuel,
7476786,CUST_00194,2010-01-01 10:53:00,2.38,East Hartford,CT,5812,food,
7476787,CUST_00257,2010-01-01 10:53:00,13.9,Pompano Beach,FL,5812,food,
7476788,CUST_00249,2010-01-01 10:53:00,11.43,Sarasota,FL,5812,food,
7476789,CUST_00145,2010-01-01 10:54:00,8.6,San Antonio,TX,5300,shopping,
7476790,CUST_00086,2010-01-01 10:54:00,2.69,Georgetown,TX,5411,food,
7476792,CUST_00132,2010-01-01 10:55:00,17.54,ONLINE,,4121,travel,
7476794,CUST_00131,2010-01-01 10:55:00,3.42,Maywood,IL,5499,food,
7476795,CUST_00291,2010-01-01 10:55:00,26.23,Pembroke Pines,FL,5211,shopping,
7476796,CUST_00232,2010-01-01 10:55:00,68.36,ONLINE,,7801,entertainment,
7476797,CUST_00168,2010-01-01 10:55:00,23.84,Milpitas,CA,5813,entertainment,
7476798,CUST_00028,2010-01-01 10:55:00,14.12,Atlanta,GA,5541,fuel,
7476799,CUST_00099,2010-01-01 10:56:00,1.26,Frankfort,IN,5541,fuel,
7476800,CUST_00070,2010-01-01 10:56:00,20.52,Lucasville,OH,5499,food,
7476801,CUST_00139,2010-01-01 10:57:00,60.68,Chillicothe,OH,5912,utilities,
7476802,CUST_00039,2010-01-01 10:57:00,64.72,ONLINE,,7996,entertainment,
7476803,CUST_00161,2010-01-01 10:57:00,53.16,Cocoa,FL,4900,utilities,
7476804,CUST_00136,2010-01-01 10:57:00,7.3,ONLINE,,4784,travel,
7476805,CUST_00291,2010-01-01 10:57:00,10.61,Pembroke Pines,FL,5411,food,
7476806,CUST_00289,2010-01-01 10:57:00,17.3,Marshfield,MA,5411,food,
7476807,CUST_00255,2010-01-01 10:57:00,10.44,Eastlake,OH,5411,food,
7476809,CUST_00239,2010-01-01 10:58:00,6.3,Blue Springs,MO,5541,fuel,
7476811,CUST_00152,2010-01-01 10:58:00,16.26,Lamesa,TX,5812,food,
7476812,CUST_00189,2010-01-01 10:58:00,3.37,Wexford,PA,5499,food,
7476813,CUST_00084,2010-01-01 10:58:00,4.95,Omaha,NE,5812,food,
7476814,CUST_00050,2010-01-01 10:58:00,11.12,Mount Vernon,NY,5411,food,
7476815,CUST_00036,2010-01-01 10:58:00,37.14,Harrison,AR,7538,purchase,
7476816,CUST_00147,2010-01-01 10:59:00,171.17,Yorba Linda,CA,5300,shopping,
7476818,CUST_00144,2010-01-01 10:59:00,100.0,La Porte,IN,4829,utilities,
7476820,CUST_00008,2010-01-01 11:00:00,16.47,Lewisville,TX,5812,food,
7476821,CUST_00196,2010-01-01 11:00:00,40.89,Winder,GA,7538,purchase,
7476822,CUST_00081,2010-01-01 11:01:00,10.64,Barberton,OH,5541,fuel,
7476823,CUST_00155,2010-01-01 11:01:00,11.78,Orlando,FL,5814,food,
7476824,CUST_00235,2010-01-01 11:01:00,7.83,Brooklyn,NY,5812,food,
7476825,CUST_00150,2010-01-01 11:01:00,16.22,Hollywood,FL,5411,food,
7476826,CUST_00137,2010-01-01 11:01:00,9.94,Inman,SC,5812,food,
7476827,CUST_00061,2010-01-01 11:01:00,42.22,ONLINE,,7349,purchase,
7476829,CUST_00146,2010-01-01 11:02:00,13.74,Pearland,TX,5411,food,
7476831,CUST_00242,2010-01-01 11:03:00,11.43,Elk Grove,CA,5411,food,
7476832,CUST_00206,2010-01-01 11:03:00,4.67,Odon,IN,5411,food,
7476833,CUST_00269,2010-01-01 11:04:00,62.74,Sandusky,OH,5311,shopping,
7476834,CUST_00166,2010-01-01 11:04:00,13.22,Gorham,NH,5812,food,
7476835,CUST_00160,2010-01-01 11:04:00,12.59,North Palm Beach,FL,5812,food,
7476836,CUST_00255,2010-01-01 11:04:00,14.96,Eastlake,OH,5812,food,
7476837,CUST_00268,2010-01-01 11:05:00,271.22,Austin,TX,5932,shopping,
7476839,CUST_00043,2010-01-01 11:05:00,14.24,Colorado Springs,CO,5812,food,
7476840,CUST_00113,2010-01-01 11:05:00,14.62,Richmond,VA,5411,food,
7476841,CUST_00222,2010-01-01 11:05:00,13.78,Crenshaw,MS,5411,food,
7476842,CUST_00230,2010-01-01 11:05:00,33.54,Round Rock,TX,4121,travel,
7476843,CUST_00190,2010-01-01 11:05:00,16.53,Brownstown,IN,5814,food,
7476844,CUST_00022,2010-01-01 11:05:00,8.09,Dayton,KY,5541,fuel,
7476845,CUST_00087,2010-01-01 11:05:00,12.15,La Grange,IL,5812,food,
7476846,CUST_00054,2010-01-01 11:05:00,35.5,ONLINE,,4121,travel,
7476847,CUST_00266,2010-01-01 11:06:00,129.58,ONLINE,,4900,utilities,
7476848,CUST_00084,2010-01-01 11:06:00,17.1,ONLINE,,4784,travel,
7476849,CUST_00221,2010-01-01 11:07:00,10.72,Baldwin Park,CA,5812,food,
7476850,CUST_00197,2010-01-01 11:07:00,22.33,Fresno,CA,5094,purchase,
7476852,CUST_00152,2010-01-01 11:07:00,142.56,Seattle,WA,5300,shopping,
7476853,CUST_00011,2010-01-01 11:08:00,236.06,New Braunfels,TX,5310,shopping,
7476854,CUST_00071,2010-01-01 11:08:00,0.55,Bloomington,IN,5411,food,
7476855,CUST_00258,2010-01-01 11:08:00,11.14,Laurel,MT,5812,food,
7476857,CUST_00135,2010-01-01 11:10:00,13.48,Bulverde,TX,5411,food,
7476859,CUST_00216,2010-01-01 11:10:00,13.51,Louisville,OH,5541,fuel,
7476860,CUST_00122,2010-01-01 11:11:00,20.0,Woodbridge,VA,5541,fuel,
7476861,CUST_00099,2010-01-01 11:11:00,80.0,Newton Grove,NC,4829,utilities,
7476862,CUST_00055,2010-01-01 11:11:00,2.82,Mobile,AL,5499,food,
7476863,CUST_00257,2010-01-01 11:11:00,80.0,Muldrow,OK,4829,utilities,
7476864,CUST_00137,2010-01-01 11:11:00,2.13,Longview,TX,5814,food,
7476865,CUST_00166,2010-01-01 11:11:00,20.28,ONLINE,,4121,travel,
7476866,CUST_00065,2010-01-01 11:11:00,100.0,Upper Sandusky,OH,4829,utilities,
7476867,CUST_00061,2010-01-01 11:11:00,9.74,Charleston,SC,5411,food,
7476868,CUST_00289,2010-01-01 11:12:00,18.56,Norwell,MA,5812,food,
7476869,CUST_00070,2010-01-01 11:12:00,14.6,Indianapolis,IN,5541,fuel,
7476870,CUST_00180,2010-01-01 11:12:00,8.73,Lubbock,TX,5912,utilities,
7476871,CUST_00134,2010-01-01 11:13:00,22.09,Chelmsford,MA,4214,travel,
7476872,CUST_00209,2010-01-01 11:13:00,14.53,Pryor,OK,5814,food,
7476873,CUST_00151,2010-01-01 11:13:00,22.07,Lincoln,IL,5813,entertainment,
7476874,CUST_00097,2010-01-01 11:14:00,17.02,Cambridge,WI,5411,food,
7476876,CUST_00259,2010-01-01 11:14:00,16.53,Chula Vista,CA,5411,food,
7476878,CUST_00266,2010-01-01 11:14:00,130.85,ONLINE,,4900,utilities,Insufficient Balance
7476879,CUST_00085,2010-01-01 11:15:00,80.0,Louisville,KY,4829,utilities,
7476881,CUST_00120,2010-01-01 11:16:00,6.53,Fort Knox,KY,5813,entertainment,
7476882,CUST_00255,2010-01-01 11:16:00,24.22,Batavia,IL,5211,shopping,
7476883,CUST_00099,2010-01-01 11:16:00,102.68,Atlantic City,NJ,7995,entertainment,
7476884,CUST_00189,2010-01-01 11:16:00,2.39,Tarentum,PA,5814,food,
7476885,CUST_00281,2010-01-01 11:16:00,1.19,Kerhonkson,NY,5499,food,
7476886,CUST_00255,2010-01-01 11:16:00,1.77,Eastlake,OH,5499,food,
7476887,CUST_00266,2010-01-01 11:16:00,90.75,Elk Grove,CA,7995,entertainment,
7476888,CUST_00047,2010-01-01 11:16:00,7.35,Manorville,NY,5813,entertainment,
7476889,CUST_00071,2010-01-01 11:16:00,74.28,Sewell,NJ,4131,travel,
7476891,CUST_00090,2010-01-01 11:16:00,25.92,ONLINE,,4121,travel,
7476892,CUST_00139,2010-01-01 11:17:00,47.03,Houston,TX,5310,shopping,
7476893,CUST_00191,2010-01-01 11:17:00,18.23,Bristol,NH,5812,food,
7476894,CUST_00164,2010-01-01 11:17:00,7.85,Watsonville,CA,5814,food,
7476896,CUST_00292,2010-01-01 11:17:00,20.47,Durham,NC,5812,food,
7476897,CUST_00131,2010-01-01 11:17:00,14.13,Maywood,IL,5411,food,
7476898,CUST_00197,2010-01-01 11:17:00,23.42,Fresno,CA,5094,purchase,Bad PIN
7476899,CUST_00281,2010-01-01 11:17:00,41.13,ONLINE,,4784,travel,
7476900,CUST_00298,2010-01-01 11:17:00,18.03,Oceanside,CA,5300,shopping,
7476901,CUST_00015,2010-01-01 11:18:00,13.06,Cedar Rapids,IA,5411,food,
7476902,CUST_00276,2010-01-01 11:18:00,27.93,Stratford,CT,5411,food,
7476903,CUST_00109,2010-01-01 11:18:00,40.65,Adrian,MI,7538,purchase,
7476905,CUST_00182,2010-01-01 11:19:00,12.74,Minneapolis,MN,5814,food,
7476906,CUST_00049,2010-01-01 11:19:00,4.0,Merrill,WI,5541,fuel,
7476907,CUST_00130,2010-01-01 11:19:00,25.41,ONLINE,,4784,travel,
7476908,CUST_00050,2010-01-01 11:19:00,10.29,Minden,LA,5812,food,
7476910,CUST_00071,2010-01-01 11:19:00,9.1,Manahawkin,NJ,7538,purchase,
7476911,CUST_00054,2010-01-01 11:19:00,10.37,Boca Raton,FL,5411,food,
7476912,CUST_00174,2010-01-01 11:20:00,18.04,Ozone Park,NY,5812,food,
7476913,CUST_00040,2010-01-01 11:20:00,2.9,Lapel,IN,5921,shopping,
7476914,CUST_00250,2010-01-01 11:20:00,26.27,Chattanooga,TN,5912,utilities,
7476916,CUST_00035,2010-01-01 11:21:00,15.34,Worcester,MA,4121,travel,
7476917,CUST_00298,2010-01-01 11:21:00,9.18,Gaithersburg,MD,5411,food,
7476918,CUST_00232,2010-01-01 11:21:00,63.55,Atlantic City,NJ,7995,entertainment,
7476919,CUST_00042,2010-01-01 11:21:00,16.05,Louisville,CO,5812,food,
7476920,CUST_00098,2010-01-01 11:21:00,10.61,Nashport,OH,5814,food,
7476921,CUST_00143,2010-01-01 11:22:00,69.14,Plantsville,CT,5300,shopping,
7476922,CUST_00286,2010-01-01 11:22:00,10.78,Garland,TX,5814,food,
7476923,CUST_00073,2010-01-01 11:22:00,10.23,Dalton,GA,5812,food,
7476924,CUST_00216,2010-01-01 11:22:00,10.13,Altoona,PA,5541,fuel,
7476925,CUST_00194,2010-01-01 11:22:00,1.57,Wethersfield,CT,5499,food,
7476926,CUST_00025,2010-01-01 11:22:00,37.43,Houston,TX,5814,food,
7476927,CUST_00185,2010-01-01 11:22:00,68.73,Bakersfield,CA,5912,utilities,
7476928,CUST_00139,2010-01-01 11:22:00,13.64,Waianae,HI,5912,utilities,
7476930,CUST_00161,2010-01-01 11:23:00,3.48,Laurinburg,NC,5814,food,
7476931,CUST_00191,2010-01-01 11:23:00,11.73,San Jose,CA,4121,travel,
7476932,CUST_00285,2010-01-01 11:23:00,125.09,Seattle,WA,7538,purchase,
7476933,CUST_00029,2010-01-01 11:24:00,8.12,Chattanooga,TN,5411,food,
7476934,CUST_00187,2010-01-01 11:25:00,2.07,Seymour,IL,5411,food,
7476935,CUST_00251,2010-01-01 11:25:00,62.58,Salisbury,NC,5300,shopping,
7476936,CUST_00218,2010-01-01 11:25:00,18.18,Bloomfield,IN,5812,food,
7476937,CUST_00269,2010-01-01 11:25:00,19.19,Lothian,MD,5541,fuel,
7476938,CUST_00046,2010-01-01 11:26:00,9.02,Summit Argo,IL,5912,utilities,
7476939,CUST_00175,2010-01-01 11:26:00,76.41,ONLINE,,4899,utilities,
7476940,CUST_00291,2010-01-01 11:26:00,9.09,Pembroke Pines,FL,5411,food,
7476941,CUST_00265,2010-01-01 11:26:00,11.25,Rochelle,IL,5541,fuel,
7476942,CUST_00044,2010-01-01 11:26:00,120.0,Newtown,PA,4829,utilities,
7476943,CUST_00242,2010-01-01 11:26:00,44.75,Elk Grove,CA,5813,entertainment,
7476944,CUST_00026,2010-01-01 11:26:00,8.62,Sanford,FL,5814,food,
7476945,CUST_00193,2010-01-01 11:27:00,6.87,Miami,FL,5812,food,
7476947,CUST_00293,2010-01-01 11:27:00,5.1,Kailua,HI,5541,fuel,
7476948,CUST_00164,2010-01-01 11:28:00,21.98,Watsonville,CA,7538,purchase,
7476950,CUST_00065,2010-01-01 11:28:00,9.75,Columbus,OH,5813,entertainment,
7476952,CUST_00053,2010-01-01 11:28:00,8.52,Miami,FL,5541,fuel,
7476953,CUST_00277,2010-01-01 11:28:00,100.0,Lake Havasu City,AZ,4829,utilities,
7476955,CUST_00044,2010-01-01 11:29:00,10.97,Callicoon,NY,5411,food,
7476956,CUST_00157,2010-01-01 11:29:00,24.92,Cicero,IL,5311,shopping,
7476957,CUST_00054,2010-01-01 11:29:00,70.07,Portsmouth,VA,5719,shopping,
7476958,CUST_00281,2010-01-01 11:30:00,31.81,ONLINE,,4784,travel,
7476959,CUST_00055,2010-01-01 11:30:00,3.38,Mobile,AL,5541,fuel,
7476960,CUST_00033,2010-01-01 11:30:00,18.75,Maple Valley,WA,5411,food,
7476961,CUST_00160,2010-01-01 11:30:00,9.83,Rincon,GA,5411,food,
7476963,CUST_00289,2010-01-01 11:31:00,11.63,Rochester,MN,5411,food,
7476964,CUST_00075,2010-01-01 11:31:00,66.97,Lancaster,SC,7922,entertainment,
7476965,CUST_00218,2010-01-01 11:32:00,104.77,Bothell,WA,5499,food,
7476966,CUST_00124,2010-01-01 11:32:00,11.18,Olympia,WA,5812,food,
7476967,CUST_00017,2010-01-01 11:33:00,1.68,Unicoi,TN,5311,shopping,
7476968,CUST_00042,2010-01-01 11:33:00,226.05,ONLINE,,7996,entertainment,
7476969,CUST_00113,2010-01-01 11:33:00,19.28,Richmond,VA,5411,food,
7476970,CUST_00288,2010-01-01 11:33:00,149.61,Hebbronville,TX,5912,utilities,
7476971,CUST_00112,2010-01-01 11:33:00,13.83,Manning,SC,5541,fuel,
7476973,CUST_00250,2010-01-01 11:33:00,20.81,Germantown,MD,5541,fuel,
7476974,CUST_00024,2010-01-01 11:33:00,47.06,ONLINE,,4784,travel,
7476975,CUST_00026,2010-01-01 11:33:00,26.01,Houston,TX,7538,purchase,
7476976,CUST_00288,2010-01-01 11:33:00,17.27,Jarreau,LA,5411,food,
7476977,CUST_00230,2010-01-01 11:33:00,16.14,Clinton Township,MI,5921,shopping,
7476978,CUST_00051,2010-01-01 11:33:00,67.0,Saint Peters,MO,7538,purchase,
7476981,CUST_00086,2010-01-01 11:34:00,3.34,Hutto,TX,5541,fuel,
7476982,CUST_00234,2010-01-01 11:34:00,65.12,Hope,IN,5661,shopping,
7476983,CUST_00242,2010-01-01 11:34:00,45.34,Elk Grove,CA,5813,entertainment,
7476984,CUST_00135,2010-01-01 11:35:00,10.79,Seguin,TX,5814,food,
7476985,CUST_00058,2010-01-01 11:35:00,7.82,Woodway,TX,5411,food,
7476986,CUST_00269,2010-01-01 11:35:00,19.2,Bladensburg,MD,5812,food,
7476987,CUST_00014,2010-01-01 11:35:00,68.69,ONLINE,,4784,travel,
7476988,CUST_00241,2010-01-01 11:35:00,22.98,Roanoke,TX,5411,food,
7476989,CUST_00053,2010-01-01 11:35:00,36.02,Oakland,CA,5300,shopping,
7476993,CUST_00156,2010-01-01 11:36:00,160.0,Charlotte,NC,4829,utilities,
7476994,CUST_00205,2010-01-01 11:36:00,72.58,ONLINE,,4899,utilities,
7476995,CUST_00123,2010-01-01 11:36:00,1.24,Rochester,MN,5411,food,
7476996,CUST_00135,2010-01-01 11:36:00,2.13,Annandale,VA,5814,food,
7476997,CUST_00184,2010-01-01 11:36:00,25.16,Los Altos,CA,5541,fuel,
7476998,CUST_00054,2010-01-01 11:36:00,85.49,Virginia Beach,VA,5311,shopping,
7476999,CUST_00179,2010-01-01 11:36:00,120.0,Los Angeles,CA,4829,utilities,
7477001,CUST_00200,2010-01-01 11:37:00,2.35,Colton,CA,5812,food,
7477002,CUST_00032,2010-01-01 11:37:00,16.45,Houston,TX,7349,purchase,
7477004,CUST_00043,2010-01-01 11:37:00,10.32,Bronx,NY,4121,travel,
7477005,CUST_00022,2010-01-01 11:37:00,15.85,Newport,KY,5812,food,
7477006,CUST_00098,2010-01-01 11:37:00,32.58,ONLINE,,4784,travel,
7477007,CUST_00134,2010-01-01 11:37:00,8.93,Upper Marlboro,MD,5813,entertainment,
7477008,CUST_00038,2010-01-01 11:38:00,2.42,Ontario,CA,5411,food,
7477009,CUST_00029,2010-01-01 11:38:00,8.24,Chattanooga,TN,5411,food,
7477010,CUST_00008,2010-01-01 11:38:00,16.5,Richardson,TX,5411,food,
7477011,CUST_00160,2010-01-01 11:39:00,1.04,Las Vegas,NV,5411,food,
7477013,CUST_00219,2010-01-01 11:39:00,8.94,Derby,KS,5921,shopping,
7477014,CUST_00216,2010-01-01 11:39:00,14.37,Louisville,OH,5411,food,
7477016,CUST_00282,2010-01-01 11:40:00,13.11,Carmel,CA,5411,food,
7477017,CUST_00132,2010-01-01 11:40:00,-71.0,Crown Point,IN,5541,fuel,
7477019,CUST_00235,2010-01-01 11:40:00,7.38,Chesapeake,VA,5812,food,
7477020,CUST_00299,2010-01-01 11:40:00,0.45,Calistoga,CA,5499,food,
7477021,CUST_00272,2010-01-01 11:40:00,21.41,Longwood,FL,4121,travel,
7477022,CUST_00160,2010-01-01 11:40:00,11.23,Lake Park,GA,5300,shopping,
7477023,CUST_00069,2010-01-01 11:40:00,26.45,Grand Junction,CO,4121,travel,
7477025,CUST_00007,2010-01-01 11:41:00,44.86,ONLINE,,7801,entertainment,
7477026,CUST_00239,2010-01-01 11:41:00,0.79,Minneapolis,MN,5411,food,
7477027,CUST_00248,2010-01-01 11:41:00,10.72,Houston,TX,5411,food,
7477028,CUST_00242,2010-01-01 11:41:00,11.92,Elk Grove,CA,5814,food,
7477029,CUST_00280,2010-01-01 11:41:00,5.71,Quincy,FL,5411,food,
7477030,CUST_00284,2010-01-01 11:42:00,3.54,Prairieville,LA,5812,food,
7477032,CUST_00073,2010-01-01 11:43:00,12.99,Dalton,GA,5411,food,
7477033,CUST_00114,2010-01-01 11:43:00,8.14,Fair Haven,NJ,5812,food,
7477034,CUST_00150,2010-01-01 11:43:00,8.68,Decatur,AL,5912,utilities,
7477036,CUST_00014,2010-01-01 11:44:00,7.9,Edinburgh,IN,5411,food,
7477037,CUST_00071,2010-01-01 11:44:00,64.62,ONLINE,,4784,travel,
7477038,CUST_00028,2010-01-01 11:45:00,15.29,Blue Springs,MO,5921,shopping,
7477039,CUST_00054,2010-01-01 11:45:00,80.0,Rio Rancho,NM,4829,utilities,
7477040,CUST_00185,2010-01-01 11:45:00,15.64,Snohomish,WA,5814,food,
7477041,CUST_00134,2010-01-01 11:45:00,254.27,ONLINE,,7801,entertainment,
7477042,CUST_00189,2010-01-01 11:46:00,9.88,Johnson City,TN,5812,food,
7477043,CUST_00250,2010-01-01 11:46:00,17.55,Barnhart,MO,5812,food,
7477044,CUST_00002,2010-01-01 11:46:00,11.52,Roseville,CA,5812,food,
7477046,CUST_00242,2010-01-01 11:46:00,10.14,Campbell,TX,5411,food,
7477047,CUST_00191,2010-01-01 11:47:00,18.83,San Jose,CA,5814,food,
7477048,CUST_00077,2010-01-01 11:47:00,44.04,Cheboygan,MI,5411,food,
7477050,CUST_00217,2010-01-01 11:47:00,73.95,Alvin,TX,5411,food,
7477051,CUST_00191,2010-01-01 11:48:00,18.31,Laconia,NH,5812,food,
7477052,CUST_00218,2010-01-01 11:48:00,-75.0,Bothell,WA,5499,food,
7477055,CUST_00042,2010-01-01 11:48:00,14.18,Grand Rapids,MI,5812,food,
7477056,CUST_00050,2010-01-01 11:48:00,1.53,ONLINE,,4121,travel,
7477057,CUST_00178,2010-01-01 11:49:00,113.53,Mount Vernon,IN,5651,shopping,
7477058,CUST_00151,2010-01-01 11:50:00,25.9,Lincoln,IL,5813,entertainment,
7477059,CUST_00131,2010-01-01 11:50:00,40.67,Green Village,NJ,5912,utilities,
7477060,CUST_00016,2010-01-01 11:50:00,5.06,Middletown,NY,5541,fuel,
7477061,CUST_00029,2010-01-01 11:51:00,13.09,West Bloomfield,MI,5814,food,
7477062,CUST_00193,2010-01-01 11:51:00,6.94,Miami,FL,5812,food,
7477064,CUST_00028,2010-01-01 11:51:00,17.75,Muskogee,OK,5411,food,
7477065,CUST_00157,2010-01-01 11:51:00,8.65,Novi,MI,5812,food,
7477066,CUST_00209,2010-01-01 11:51:00,12.9,Salina,OK,5541,fuel,
7477067,CUST_00185,2010-01-01 11:52:00,13.24,Hitchcock,TX,5541,fuel,
7477068,CUST_00233,2010-01-01 11:52:00,60.0,Keokuk,IA,4829,utilities,
7477069,CUST_00051,2010-01-01 11:52:00,4.47,Aurora,IL,5814,food,
7477070,CUST_00052,2010-01-01 11:52:00,25.36,Somerville,AL,5411,food,
7477071,CUST_00039,2010-01-01 11:52:00,60.75,Allen,TX,7538,purchase,
7477072,CUST_00170,2010-01-01 11:53:00,90.99,Medford,OR,5411,food,
7477073,CUST_00003,2010-01-01 11:54:00,4.5,Turlock,CA,5921,shopping,
7477074,CUST_00172,2010-01-01 11:54:00,13.28,Pittsburgh,PA,5812,food,
7477076,CUST_00218,2010-01-01 11:55:00,75.0,Bothell,WA,5499,food,
7477077,CUST_00132,2010-01-01 11:55:00,71.0,Crown Point,IN,5541,fuel,
7477078,CUST_00132,2010-01-01 11:55:00,57.57,Crown Point,IN,5541,fuel,
7477079,CUST_00131,2010-01-01 11:55:00,15.18,Maywood,IL,5921,shopping,
7477080,CUST_00283,2010-01-01 11:55:00,6.05,Saint Charles,IL,5300,shopping,
7477081,CUST_00143,2010-01-01 11:55:00,29.12,ONLINE,,4784,travel,
7477082,CUST_00230,2010-01-01 11:56:00,53.64,ONLINE,,4784,travel,
7477084,CUST_00249,2010-01-01 11:56:00,100.0,Osprey,FL,4829,utilities,
7477085,CUST_00138,2010-01-01 11:56:00,6.46,Jamaica,NY,5411,food,
7477086,CUST_00054,2010-01-01 11:56:00,39.56,Virginia Beach,VA,4121,travel,
7477087,CUST_00140,2010-01-01 11:56:00,12.19,Rocky Point,NY,5541,fuel,
7477088,CUST_00218,2010-01-01 11:57:00,15.21,Federal Way,WA,5541,fuel,
7477091,CUST_00036,2010-01-01 11:57:00,80.0,Binghamton,NY,4829,utilities,
7477092,CUST_00204,2010-01-01 11:57:00,1.01,Tonawanda,NY,5499,food,
7477093,CUST_00028,2010-01-01 11:57:00,5.0,Atlanta,GA,5812,food,
7477094,CUST_00157,2010-01-01 11:58:00,15.09,Pensacola,FL,4121,travel,
7477098,CUST_00033,2010-01-01 11:58:00,10.39,Dale,NY,5411,food,
7477099,CUST_00288,2010-01-01 11:58:00,1.33,Chicago,IL,5812,food,
7477100,CUST_00097,2010-01-01 11:58:00,11.56,Mentor,OH,5812,food,
7477101,CUST_00135,2010-01-01 11:59:00,14.43,Seguin,TX,5814,food,Insufficient Balance
7477102,CUST_00276,2010-01-01 11:59:00,7.97,Stratford,CT,5814,food,
7477103,CUST_00242,2010-01-01 11:59:00,48.98,Clanton,AL,5311,shopping,
7477104,CUST_00219,2010-01-01 11:59:00,7.58,Madison,WI,5411,food,
7477105,CUST_00093,2010-01-01 11:59:00,140.0,Rio Rancho,NM,4829,utilities,
7477106,CUST_00126,2010-01-01 11:59:00,23.69,East Hampton,NY,5411,food,
7477107,CUST_00091,2010-01-01 12:00:00,38.94,ONLINE,,4784,travel,
7477110,CUST_00028,2010-01-01 12:00:00,17.14,Minneapolis,MN,5813,entertainment,
7477111,CUST_00072,2010-01-01 12:00:00,49.54,Elyria,OH,5541,fuel,
7477112,CUST_00230,2010-01-01 12:00:00,15.86,Chardon,OH,5541,fuel,
7477114,CUST_00182,2010-01-01 12:01:00,20.45,Nashville,TN,5411,food,
7477115,CUST_00224,2010-01-01 12:01:00,11.83,Williston Park,NY,5814,food,
7477116,CUST_00238,2010-01-01 12:01:00,2.27,Beaver,WV,5812,food,
7477117,CUST_00166,2010-01-01 12:01:00,12.51,Franconia,NH,5814,food,
7477118,CUST_00282,2010-01-01 12:01:00,15.04,Broad Run,VA,4121,travel,
7477119,CUST_00029,2010-01-01 12:01:00,16.84,North Royalton,OH,5814,food,
7477120,CUST_00191,2010-01-01 12:02:00,83.15,North Hollywood,CA,5311,shopping,
7477122,CUST_00277,2010-01-01 12:02:00,0.63,Sandusky,OH,5499,food,
7477123,CUST_00261,2010-01-01 12:02:00,10.7,San Antonio,TX,5814,food,
7477124,CUST_00276,2010-01-01 12:02:00,75.49,Stratford,CT,7538,purchase,
7477125,CUST_00096,2010-01-01 12:02:00,9.19,Parsippany,NJ,5812,food,
7477126,CUST_00121,2010-01-01 12:02:00,20.77,ONLINE,,4121,travel,
7477127,CUST_00241,2010-01-01 12:03:00,0.74,San Francisco,CA,5499,food,
7477128,CUST_00043,2010-01-01 12:03:00,25.47,ONLINE,,4121,travel,
7477129,CUST_00240,2010-01-01 12:03:00,140.0,Richmond,CA,4829,utilities,
7477130,CUST_00282,2010-01-01 12:03:00,2.67,Broad Run,VA,5499,food,
7477132,CUST_00016,2010-01-01 12:04:00,53.15,Naugatuck,CT,5499,food,
7477133,CUST_00283,2010-01-01 12:05:00,129.02,Saint Charles,IL,5300,shopping,
7477134,CUST_00070,2010-01-01 12:05:00,14.74,Indianapolis,IN,5921,shopping,
7477135,CUST_00156,2010-01-01 12:05:00,102.2,Sherman Oaks,CA,7538,purchase,
7477136,CUST_00027,2010-01-01 12:05:00,15.05,Bismarck,ND,5813,entertainment,
7477137,CUST_00148,2010-01-01 12:06:00,72.05,Oklahoma City,OK,5651,shopping,
7477138,CUST_00071,2010-01-01 12:06:00,18.05,Van Buren,AR,5813,entertainment,
7477139,CUST_00276,2010-01-01 12:06:00,22.6,Stratford,CT,5541,fuel,
7477140,CUST_00232,2010-01-01 12:06:00,75.5,South Ozone Park,NY,7802,entertainment,
7477141,CUST_00180,2010-01-01 12:06:00,16.99,Houston,TX,5411,food,
7477144,CUST_00011,2010-01-01 12:07:00,1.79,New Braunfels,TX,5411,food,
7477145,CUST_00083,2010-01-01 12:07:00,12.28,Newburgh,IN,5411,food,
7477146,CUST_00276,2010-01-01 12:07:00,11.42,Stratford,CT,5812,food,
7477147,CUST_00097,2010-01-01 12:07:00,7.41,Mentor,OH,5812,food,
7477148,CUST_00137,2010-01-01 12:07:00,42.43,ONLINE,,4784,travel,
7477149,CUST_00002,2010-01-01 12:07:00,15.02,Roseville,CA,5541,fuel,
7477150,CUST_00140,2010-01-01 12:07:00,14.24,Sayville,NY,5411,food,
7477151,CUST_00187,2010-01-01 12:08:00,-64.0,Sutter Creek,CA,5541,fuel,
7477153,CUST_00069,2010-01-01 12:08:00,11.09,State College,PA,5541,fuel,
7477155,CUST_00235,2010-01-01 12:08:00,22.41,ONLINE,,4784,travel,
7477156,CUST_00016,2010-01-01 12:08:00,36.57,Middletown,NY,7538,purchase,
7477157,CUST_00042,2010-01-01 12:09:00,149.32,ONLINE,,4722,travel,
7477158,CUST_00187,2010-01-01 12:09:00,77.06,Sutter Creek,CA,5541,fuel,
7477159,CUST_00099,2010-01-01 12:09:00,3.62,Fayetteville,NC,5411,food,
7477162,CUST_00201,2010-01-01 12:10:00,1.33,Alhambra,CA,5499,food,
7477163,CUST_00032,2010-01-01 12:10:00,33.45,New Braunfels,TX,5813,entertainment,
7477164,CUST_00289,2010-01-01 12:10:00,9.67,Mount Carmel,IL,5814,food,
7477165,CUST_00282,2010-01-01 12:10:00,64.0,Bradenton,FL,5541,fuel,
7477166,CUST_00161,2010-01-01 12:10:00,9.8,Monsey,NY,5812,food,
7477167,CUST_00134,2010-01-01 12:10:00,315.02,ONLINE,,7801,entertainment,
7477168,CUST_00157,2010-01-01 12:11:00,6.01,Pensacola,FL,5813,entertainment,
7477170,CUST_00042,2010-01-01 12:11:00,4.49,Louisville,KY,5812,food,
7477171,CUST_00291,2010-01-01 12:11:00,42.85,Canton,NC,5813,entertainment,Insufficient Balance
7477172,CUST_00280,2010-01-01 12:11:00,12.23,Washington,DC,5541,fuel,
7477173,CUST_00016,2010-01-01 12:11:00,-63.0,Naugatuck,CT,5499,food,
7477174,CUST_00254,2010-01-01 12:11:00,29.88,Newport Beach,CA,5300,shopping,
7477175,CUST_00087,2010-01-01 12:11:00,7.7,Cleveland,OH,5411,food,
7477177,CUST_00036,2010-01-01 12:12:00,235.71,ONLINE,,4722,travel,
7477178,CUST_00199,2010-01-01 12:12:00,80.0,Brooklyn,NY,4829,utilities,
7477179,CUST_00219,2010-01-01 12:12:00,13.4,Derby,KS,5411,food,
7477181,CUST_00072,2010-01-01 12:12:00,-57.0,Elyria,OH,5541,fuel,
7477182,CUST_00025,2010-01-01 12:12:00,14.26,Abbeville,LA,5812,food,
7477183,CUST_00002,2010-01-01 12:12:00,3.6,Roseville,CA,5814,food,
7477184,CUST_00299,2010-01-01 12:13:00,7.97,Skokie,IL,5814,food,
7477185,CUST_00250,2010-01-01 12:13:00,14.49,Hendersonville,NC,4814,utilities,
7477186,CUST_00057,2010-01-01 12:13:00,120.0,Key Biscayne,FL,4829,utilities,
7477187,CUST_00180,2010-01-01 12:13:00,7.82,Houston,TX,5411,food,
7477189,CUST_00075,2010-01-01 12:13:00,4.26,Williamston,SC,5411,food,
7477190,CUST_00236,2010-01-01 12:14:00,18.35,Loudonville,OH,5411,food,
7477191,CUST_00158,2010-01-01 12:14:00,1.77,Brooklyn,NY,5499,food,
7477192,CUST_00036,2010-01-01 12:14:00,7.01,Saint Paul,MN,5814,food,
7477193,CUST_00217,2010-01-01 12:14:00,12.99,Twin Falls,ID,5812,food,
7477195,CUST_00180,2010-01-01 12:14:00,133.54,Warrington,PA,5311,shopping,
7477196,CUST_00083,2010-01-01 12:14:00,180.0,Terre Haute,IN,4829,utilities,
7477197,CUST_00150,2010-01-01 12:14:00,1.65,Townley,AL,5812,food,
7477198,CUST_00072,2010-01-01 12:14:00,57.0,Elyria,OH,5541,fuel,
7477200,CUST_00027,2010-01-01 12:15:00,80.0,North Las Vegas,NV,4829,utilities,
7477202,CUST_00147,2010-01-01 12:15:00,72.47,South Gate,CA,5912,utilities,
7477203,CUST_00141,2010-01-01 12:15:00,16.64,Albany,NY,5813,entertainment,
7477204,CUST_00198,2010-01-01 12:15:00,1.17,Lone Tree,CO,5499,food,
7477206,CUST_00219,2010-01-01 12:15:00,13.66,Monroe,MI,5411,food,
7477207,CUST_00126,2010-01-01 12:15:00,8.12,Miami,FL,5541,fuel,
7477208,CUST_00143,2010-01-01 12:15:00,23.75,ONLINE,,4784,travel,
7477210,CUST_00158,2010-01-01 12:16:00,2.94,Brooklyn,NY,5541,fuel,
7477211,CUST_00277,2010-01-01 12:16:00,16.7,Brooklyn,NY,5812,food,
7477213,CUST_00215,2010-01-01 12:17:00,9.74,Luverne,AL,5310,shopping,
7477214,CUST_00233,2010-01-01 12:17:00,20.72,Stanwood,IA,5541,fuel,
7477215,CUST_00199,2010-01-01 12:17:00,21.33,Brooklyn,NY,5411,food,
7477216,CUST_00157,2010-01-01 12:18:00,14.58,ONLINE,,4121,travel,
7477217,CUST_00063,2010-01-01 12:18:00,35.97,Blackville,SC,5310,shopping,
7477218,CUST_00028,2010-01-01 12:18:00,7.73,Blue Springs,MO,5411,food,
7477219,CUST_00037,2010-01-01 12:18:00,3.21,Plymouth,NY,5814,food,
7477220,CUST_00011,2010-01-01 12:18:00,9.94,ONLINE,,4784,travel,
7477221,CUST_00291,2010-01-01 12:18:00,18.21,Lyons,IL,5411,food,
7477222,CUST_00111,2010-01-01 12:19:00,140.0,Great Falls,MT,4829,utilities,
7477223,CUST_00036,2010-01-01 12:19:00,-431.0,ONLINE,,4722,travel,
7477224,CUST_00211,2010-01-01 12:19:00,3.7,Albuquerque,NM,5411,food,
7477226,CUST_00254,2010-01-01 12:19:00,10.39,Lake Forest,CA,5814,food,
7477227,CUST_00134,2010-01-01 12:19:00,8.79,Upper Marlboro,MD,5813,entertainment,
7477228,CUST_00202,2010-01-01 12:20:00,24.55,Palm Harbor,FL,5411,food,
7477229,CUST_00137,2010-01-01 12:20:00,1.06,Longview,TX,5541,fuel,
7477230,CUST_00291,2010-01-01 12:20:00,23.59,Canton,NC,5813,entertainment,
7477231,CUST_00220,2010-01-01 12:20:00,1.5,Kenner,LA,5812,food,
7477233,CUST_00282,2010-01-01 12:20:00,-64.0,Bradenton,FL,5541,fuel,
7477236,CUST_00171,2010-01-01 12:21:00,4.01,Rush,NY,5411,food,
7477237,CUST_00197,2010-01-01 12:21:00,9.95,Oceanside,CA,5812,food,
7477238,CUST_00101,2010-01-01 12:21:00,9.88,ONLINE,,5815,food,
7477239,CUST_00222,2010-01-01 12:21:00,1.8,Meridian,MS,5499,food,
7477240,CUST_00099,2010-01-01 12:22:00,100.0,Newton Grove,NC,4829,utilities,
7477241,CUST_00081,2010-01-01 12:22:00,26.39,Chicago,IL,5411,food,
7477242,CUST_00270,2010-01-01 12:23:00,50.37,Seward,NE,4814,utilities,
7477244,CUST_00266,2010-01-01 12:23:00,5.78,Elk Grove,CA,5411,food,
7477245,CUST_00016,2010-01-01 12:23:00,63.0,Naugatuck,CT,5499,food,
7477246,CUST_00260,2010-01-01 12:23:00,0.87,Big Cove Tannery,PA,5814,food,
7477247,CUST_00187,2010-01-01 12:24:00,64.0,Sutter Creek,CA,5541,fuel,
7477248,CUST_00246,2010-01-01 12:24:00,5.07,Grovetown,GA,5942,shopping,
7477249,CUST_00229,2010-01-01 12:25:00,9.85,Quincy,FL,5411,food,
7477250,CUST_00191,2010-01-01 12:25:00,86.75,Avery,TX,5311,shopping,
7477251,CUST_00020,2010-01-01 12:25:00,9.18,De Soto,KS,5814,food,
7477254,CUST_00082,2010-01-01 12:25:00,13.0,West Sacramento,CA,5814,food,
7477255,CUST_00216,2010-01-01 12:26:00,12.03,Auburn,CA,5541,fuel,
7477256,CUST_00253,2010-01-01 12:26:00,12.49,Kamas,UT,5812,food,
7477257,CUST_00050,2010-01-01 12:26:00,1.56,Ukiah,CA,4121,travel,
7477258,CUST_00096,2010-01-01 12:26:00,17.27,Parsippany,NJ,5812,food,Technical Glitch
7477260,CUST_00239,2010-01-01 12:26:00,5.39,Schenectady,NY,5912,utilities,
7477261,CUST_00282,2010-01-01 12:26:00,10.2,Bradenton,FL,5541,fuel,
7477262,CUST_00271,2010-01-01 12:27:00,45.18,The Colony,TX,7538,purchase,
7477263,CUST_00172,2010-01-01 12:27:00,12.31,Pittsburgh,PA,5812,food,
7477264,CUST_00245,2010-01-01 12:27:00,8.16,Lady Lake,FL,5411,food,
7477265,CUST_00110,2010-01-01 12:27:00,26.4,Mcalester,OK,5310,shopping,
7477266,CUST_00042,2010-01-01 12:28:00,-493.0,ONLINE,,4722,travel,
7477267,CUST_00055,2010-01-01 12:28:00,11.28,Fayetteville,NC,5310,shopping,
7477268,CUST_00291,2010-01-01 12:28:00,111.65,Willowbrook,IL,4900,utilities,
7477269,CUST_00175,2010-01-01 12:29:00,6.03,Delavan,WI,5812,food,
7477270,CUST_00250,2010-01-01 12:29:00,19.26,Germantown,MD,5541,fuel,
7477272,CUST_00160,2010-01-01 12:30:00,35.22,ONLINE,,4784,travel,
7477273,CUST_00095,2010-01-01 12:30:00,17.29,New York,NY,5541,fuel,
7477274,CUST_00110,2010-01-01 12:30:00,10.73,Saint Louis,MO,5411,food,
7477275,CUST_00024,2010-01-01 12:30:00,1.86,Oneonta,AL,5499,food,
7477278,CUST_00094,2010-01-01 12:30:00,35.35,Columbia,TN,5499,food,
7477280,CUST_00121,2010-01-01 12:30:00,19.77,ONLINE,,4121,travel,
7477281,CUST_00134,2010-01-01 12:30:00,328.66,Upper Marlboro,MD,7995,entertainment,
7477282,CUST_00091,2010-01-01 12:31:00,47.67,ONLINE,,4784,travel,
7477284,CUST_00299,2010-01-01 12:31:00,8.02,Skokie,IL,5812,food,
7477285,CUST_00048,2010-01-01 12:31:00,51.0,Mckinney,TX,5541,fuel,
7477286,CUST_00289,2010-01-01 12:31:00,3.34,Skiatook,OK,5812,food,
7477287,CUST_00045,2010-01-01 12:31:00,11.69,Arroyo Grande,CA,5814,food,
7477288,CUST_00157,2010-01-01 12:31:00,4.88,Chicago,IL,5300,shopping,
7477289,CUST_00072,2010-01-01 12:31:00,60.19,Carleton,MI,5300,shopping,
7477291,CUST_00035,2010-01-01 12:32:00,16.13,Kimberly,WI,5812,food,
7477292,CUST_00199,2010-01-01 12:32:00,7.68,Miami,FL,5541,fuel,
7477293,CUST_00164,2010-01-01 12:32:00,-54.0,Columbia,SC,5541,fuel,
7477294,CUST_00085,2010-01-01 12:33:00,7.3,New Kensington,PA,5814,food,
7477295,CUST_00026,2010-01-01 12:33:00,15.68,Keystone Heights,FL,5411,food,
7477296,CUST_00281,2010-01-01 12:33:00,53.76,Glen Jean,WV,5411,food,
7477297,CUST_00187,2010-01-01 12:34:00,22.04,Somerset,CA,5813,entertainment,
7477298,CUST_00218,2010-01-01 12:34:00,-78.0,Federal Way,WA,5541,fuel,
7477300,CUST_00017,2010-01-01 12:34:00,66.0,Saint Louis,MO,5499,food,
7477301,CUST_00164,2010-01-01 12:34:00,57.0,Georgetown,TX,5499,food,
7477302,CUST_00167,2010-01-01 12:34:00,-500.0,Palatine,IL,3389,travel,
7477304,CUST_00134,2010-01-01 12:34:00,80.59,Irvington,NY,5499,food,
7477305,CUST_00125,2010-01-01 12:34:00,75.43,ONLINE,,7801,entertainment,
7477306,CUST_00126,2010-01-01 12:35:00,6.44,Saint Johnsbury,VT,5541,fuel,
7477307,CUST_00289,2010-01-01 12:35:00,2.29,Louisville,IL,5499,food,
7477308,CUST_00139,2010-01-01 12:35:00,45.99,Arcadia,CA,7802,entertainment,
7477309,CUST_00199,2010-01-01 12:36:00,13.08,Medford,OR,5812,food,
7477310,CUST_00172,2010-01-01 12:36:00,14.16,Pittsburgh,PA,5812,food,
7477312,CUST_00278,2010-01-01 12:36:00,11.52,Killeen,TX,5541,fuel,
7477313,CUST_00272,2010-01-01 12:36:00,22.3,ONLINE,,4121,travel,
7477314,CUST_00013,2010-01-01 12:36:00,1.1,New Market,TN,5499,food,
7477315,CUST_00132,2010-01-01 12:36:00,93.44,Danville,NH,5411,food,
7477316,CUST_00164,2010-01-01 12:36:00,54.0,Columbia,SC,5541,fuel,
7477319,CUST_00222,2010-01-01 12:37:00,19.08,Eastpointe,MI,5411,food,
7477320,CUST_00094,2010-01-01 12:37:00,95.0,Columbia,TN,5499,food,
7477321,CUST_00055,2010-01-01 12:37:00,22.61,Fayetteville,NC,5812,food,
7477322,CUST_00051,2010-01-01 12:38:00,6.07,Asheville,NC,5411,food,
7477323,CUST_00011,2010-01-01 12:38:00,0.93,Elmendorf,TX,5814,food,
7477325,CUST_00277,2010-01-01 12:38:00,17.6,Bowling Green,KY,5411,food,
7477326,CUST_00164,2010-01-01 12:39:00,76.0,Georgetown,TX,5499,food,
7477327,CUST_00048,2010-01-01 12:40:00,-51.0,Mckinney,TX,5541,fuel,
7477328,CUST_00081,2010-01-01 12:40:00,18.0,Chicago,IL,5411,food,
7477330,CUST_00180,2010-01-01 12:40:00,7.2,Tylersport,PA,5411,food,
7477331,CUST_00157,2010-01-01 12:40:00,9.78,Chicago,IL,5814,food,
7477333,CUST_00028,2010-01-01 12:40:00,28.44,Pompano Beach,FL,5812,food,
7477334,CUST_00130,2010-01-01 12:41:00,19.62,ONLINE,,4121,travel,
7477335,CUST_00112,2010-01-01 12:41:00,76.93,Cherry Hill,NJ,5411,food,
7477336,CUST_00292,2010-01-01 12:42:00,40.43,Durham,NC,5813,entertainment,
7477337,CUST_00020,2010-01-01 12:42:00,22.08,Chantilly,VA,5411,food,
7477338,CUST_00130,2010-01-01 12:42:00,38.01,Lake Hopatcong,NJ,5813,entertainment,
7477339,CUST_00161,2010-01-01 12:42:00,9.55,Monsey,NY,5812,food,
7477340,CUST_00254,2010-01-01 12:42:00,8.3,Lake Forest,CA,5411,food,
7477341,CUST_00115,2010-01-01 12:43:00,60.0,Littleton,MA,4829,utilities,
7477342,CUST_00048,2010-01-01 12:43:00,5.23,Mckinney,TX,5541,fuel,
7477344,CUST_00150,2010-01-01 12:43:00,1.92,Parrish,AL,5411,food,
7477347,CUST_00219,2010-01-01 12:43:00,72.72,ONLINE,,7801,entertainment,
7477348,CUST_00155,2010-01-01 12:44:00,-65.0,Gainesville,FL,5499,food,
7477349,CUST_00170,2010-01-01 12:44:00,57.22,Atlantic City,NJ,7995,entertainment,
7477350,CUST_00280,2010-01-01 12:44:00,6.79,Seaford,DE,5411,food,
7477352,CUST_00094,2010-01-01 12:44:00,-95.0,Columbia,TN,5499,food,
7477353,CUST_00054,2010-01-01 12:44:00,10.69,Corpus Christi,TX,5812,food,
7477354,CUST_00157,2010-01-01 12:45:00,11.2,Novi,MI,5411,food,
7477355,CUST_00288,2010-01-01 12:45:00,6.53,Jarreau,LA,5411,food,
7477357,CUST_00277,2010-01-01 12:46:00,21.0,Brooklyn,NY,5411,food,
7477358,CUST_00268,2010-01-01 12:47:00,15.7,Rogersville,AL,5812,food,
7477359,CUST_00155,2010-01-01 12:47:00,65.0,Gainesville,FL,5499,food,
7477360,CUST_00069,2010-01-01 12:47:00,6.32,West Linn,OR,5541,fuel,
7477361,CUST_00167,2010-01-01 12:47:00,175.9,Palatine,IL,3389,travel,
7477363,CUST_00126,2010-01-01 12:47:00,9.29,Miami,FL,5812,food,
7477364,CUST_00017,2010-01-01 12:48:00,102.95,Saint Louis,MO,5499,food,
7477365,CUST_00039,2010-01-01 12:48:00,13.18,Westfield,NC,5921,shopping,
7477366,CUST_00219,2010-01-01 12:48:00,12.03,Eight Mile,AL,5812,food,
7477367,CUST_00018,2010-01-01 12:49:00,11.11,Comstock Park,MI,5812,food,
7477368,CUST_00080,2010-01-01 12:49:00,0.52,Mount Pleasant,PA,5411,food,
7477369,CUST_00197,2010-01-01 12:49:00,8.82,Oceanside,CA,5541,fuel,
7477370,CUST_00111,2010-01-01 12:49:00,17.59,Lakeville,MN,5541,fuel,
7477371,CUST_00134,2010-01-01 12:49:00,-84.0,Irvington,NY,5499,food,
7477372,CUST_00258,2010-01-01 12:49:00,42.57,ONLINE,,4784,travel,
7477373,CUST_00053,2010-01-01 12:49:00,22.78,Jackson Heights,NY,5651,shopping,
7477374,CUST_00218,2010-01-01 12:50:00,78.0,Federal Way,WA,5541,fuel,
7477375,CUST_00166,2010-01-01 12:50:00,9.77,Guadalajara,Mexico,5541,fuel,
7477376,CUST_00178,2010-01-01 12:50:00,9.34,Brunswick,OH,5541,fuel,
7477378,CUST_00281,2010-01-01 12:51:00,51.49,ONLINE,,4784,travel,
7477379,CUST_00272,2010-01-01 12:51:00,23.69,Bullock,NC,5813,entertainment,
7477380,CUST_00097,2010-01-01 12:51:00,7.68,Casper,WY,5541,fuel,
7477381,CUST_00142,2010-01-01 12:51:00,11.38,Cannelburg,IN,5411,food,
7477382,CUST_00134,2010-01-01 12:51:00,84.0,Irvington,NY,5499,food,
7477383,CUST_00135,2010-01-01 12:52:00,12.26,Seguin,TX,5411,food,
7477384,CUST_00285,2010-01-01 12:52:00,55.31,Glendale,AZ,5311,shopping,
7477386,CUST_00281,2010-01-01 12:52:00,16.88,Oswego,NY,5921,shopping,
7477387,CUST_00109,2010-01-01 12:52:00,365.68,Redmond,WA,5311,shopping,
7477388,CUST_00289,2010-01-01 12:53:00,25.35,Short Hills,NJ,5814,food,
7477389,CUST_00235,2010-01-01 12:53:00,90.68,Chicago,IL,5411,food,
7477390,CUST_00043,2010-01-01 12:53:00,12.98,Bronx,NY,5411,food,
7477391,CUST_00216,2010-01-01 12:53:00,30.82,Rockton,IL,5300,shopping,
7477392,CUST_00237,2010-01-01 12:54:00,1.16,Cedar Rapids,IA,5499,food,
7477393,CUST_00184,2010-01-01 12:54:00,3.01,Harbor City,CA,5411,food,
7477394,CUST_00017,2010-01-01 12:54:00,-66.0,Saint Louis,MO,5499,food,
7477396,CUST_00041,2010-01-01 12:54:00,189.92,Indianapolis,IN,5411,food,
7477397,CUST_00241,2010-01-01 12:54:00,14.45,ONLINE,,5815,food,
7477398,CUST_00028,2010-01-01 12:54:00,0.12,Atlanta,GA,5499,food,
7477399,CUST_00218,2010-01-01 12:55:00,96.59,Federal Way,WA,5541,fuel,
7477400,CUST_00144,2010-01-01 12:55:00,11.72,Yreka,CA,5411,food,
7477401,CUST_00085,2010-01-01 12:55:00,663.4,Lexington,KY,3132,travel,
7477402,CUST_00028,2010-01-01 12:55:00,159.63,Lees Summit,MO,5300,shopping,
7477403,CUST_00205,2010-01-01 12:55:00,38.53,Waukegan,IL,5411,food,
7477404,CUST_00012,2010-01-01 12:55:00,17.38,Mobile,AL,5411,food,
7477405,CUST_00160,2010-01-01 12:55:00,7.72,Rincon,GA,5812,food,
7477406,CUST_00199,2010-01-01 12:55:00,53.96,Vero Beach,FL,7538,purchase,
7477408,CUST_00042,2010-01-01 12:56:00,31.34,Sioux Falls,SD,5300,shopping,
7477409,CUST_00260,2010-01-01 12:56:00,0.81,Chambersburg,PA,5812,food,
7477411,CUST_00247,2010-01-01 12:57:00,86.32,Windsor,CO,5300,shopping,
7477413,CUST_00100,2010-01-01 12:57:00,72.97,Dallas,TX,5300,shopping,
7477414,CUST_00164,2010-01-01 12:57:00,23.78,Columbia,SC,5541,fuel,
7477415,CUST_00253,2010-01-01 12:58:00,13.91,Kamas,UT,5411,food,
7477416,CUST_00194,2010-01-01 12:58:00,48.16,Wethersfield,CT,7538,purchase,
7477417,CUST_00155,2010-01-01 12:58:00,7.16,Gainesville,FL,5499,food,
7477418,CUST_00113,2010-01-01 12:58:00,11.51,Pomeroy,OH,5812,food,
7477419,CUST_00164,2010-01-01 12:58:00,-76.0,Georgetown,TX,5499,food,
7477420,CUST_00196,2010-01-01 12:58:00,19.28,Concord,NC,5094,purchase,
7477421,CUST_00296,2010-01-01 12:58:00,17.67,Dallas,TX,5411,food,
7477422,CUST_00112,2010-01-01 12:58:00,42.33,ONLINE,,4121,travel,
7477423,CUST_00002,2010-01-01 12:58:00,56.38,Belgrade,ME,5300,shopping,
7477425,CUST_00124,2010-01-01 12:59:00,12.23,Canton,MI,5812,food,
7477426,CUST_00216,2010-01-01 12:59:00,12.47,Houston,TX,5812,food,
7477427,CUST_00199,2010-01-01 12:59:00,5.2,ONLINE,,5815,food,
7477428,CUST_00261,2010-01-01 12:59:00,12.63,San Antonio,TX,5812,food,
7477429,CUST_00230,2010-01-01 12:59:00,45.75,ONLINE,,4784,travel,
7477433,CUST_00254,2010-01-01 13:00:00,64.0,Suffolk,VA,5541,fuel,
7477434,CUST_00167,2010-01-01 13:00:00,87.0,Panama City,FL,5541,fuel,
7477435,CUST_00241,2010-01-01 13:00:00,1.07,San Francisco,CA,5499,food,
7477436,CUST_00286,2010-01-01 13:00:00,19.24,Battle Creek,MI,5813,entertainment,
7477438,CUST_00131,2010-01-01 13:00:00,92.0,Dallas,TX,5499,food,
7477439,CUST_00242,2010-01-01 13:00:00,54.9,Campbell,TX,5541,fuel,
7477440,CUST_00278,2010-01-01 13:01:00,82.85,Danville,VA,5912,utilities,
7477442,CUST_00171,2010-01-01 13:01:00,2.48,Scottsville,NY,5812,food,
7477443,CUST_00080,2010-01-01 13:01:00,0.42,Latrobe,PA,5411,food,
7477444,CUST_00300,2010-01-01 13:01:00,3.83,Bell Gardens,CA,5814,food,
7477446,CUST_00254,2010-01-01 13:02:00,-64.0,Suffolk,VA,5541,fuel,
7477447,CUST_00128,2010-01-01 13:02:00,16.69,Clearwater,FL,5541,fuel,
7477449,CUST_00125,2010-01-01 13:02:00,2.1,Daytona Beach,FL,5411,food,
7477450,CUST_00282,2010-01-01 13:03:00,89.0,Carmel Valley,CA,5499,food,
7477451,CUST_00053,2010-01-01 13:03:00,8.02,Burley,ID,5812,food,
7477452,CUST_00178,2010-01-01 13:03:00,5.55,Cuyahoga Falls,OH,5812,food,
7477453,CUST_00149,2010-01-01 13:03:00,100.0,San Antonio,TX,4829,utilities,
7477456,CUST_00036,2010-01-01 13:04:00,33.49,Wishek,ND,5912,utilities,
7477457,CUST_00199,2010-01-01 13:05:00,13.15,Medford,OR,5812,food,
7477458,CUST_00206,2010-01-01 13:05:00,16.26,Arcadia,FL,5300,shopping,
7477459,CUST_00007,2010-01-01 13:05:00,1.65,Angier,NC,5541,fuel,
7477460,CUST_00237,2010-01-01 13:05:00,8.83,Stamford,CT,5812,food,
7477461,CUST_00242,2010-01-01 13:05:00,73.0,Campbell,TX,5541,fuel,
7477463,CUST_00107,2010-01-01 13:06:00,10.72,Stanford,KY,5921,shopping,
7477464,CUST_00035,2010-01-01 13:06:00,18.31,New York,NY,5812,food,
7477465,CUST_00082,2010-01-01 13:06:00,59.91,Middletown,OH,5411,food,
7477466,CUST_00245,2010-01-01 13:06:00,9.22,The Villages,FL,5812,food,
7477468,CUST_00225,2010-01-01 13:07:00,118.75,ONLINE,,4814,utilities,
7477469,CUST_00222,2010-01-01 13:07:00,15.24,Houston,TX,5541,fuel,
7477470,CUST_00111,2010-01-01 13:07:00,18.98,ONLINE,,4121,travel,
7477471,CUST_00161,2010-01-01 13:08:00,65.0,Cocoa,FL,5541,fuel,
7477472,CUST_00256,2010-01-01 13:08:00,100.0,Mcallen,TX,4829,utilities,
7477473,CUST_00055,2010-01-01 13:08:00,7.48,Winterville,NC,5541,fuel,
7477474,CUST_00057,2010-01-01 13:08:00,126.72,Miami Beach,FL,3509,travel,
7477475,CUST_00286,2010-01-01 13:08:00,11.76,Portland,OR,5814,food,
7477476,CUST_00142,2010-01-01 13:08:00,10.39,Switz City,IN,5812,food,
7477477,CUST_00222,2010-01-01 13:08:00,-87.0,Houston,TX,5541,fuel,
7477478,CUST_00166,2010-01-01 13:09:00,23.24,ONLINE,,4784,travel,
7477479,CUST_00277,2010-01-01 13:09:00,16.82,Republic,OH,5411,food,
7477480,CUST_00264,2010-01-01 13:09:00,9.21,Buffalo,NY,5812,food,
7477482,CUST_00191,2010-01-01 13:09:00,9.89,Mendham,NJ,5812,food,
7477483,CUST_00192,2010-01-01 13:10:00,33.96,Portland,ME,5942,shopping,
7477484,CUST_00252,2010-01-01 13:10:00,12.01,Griffin,GA,5411,food,
7477485,CUST_00141,2010-01-01 13:10:00,88.09,Louisville,KY,3504,travel,
7477486,CUST_00037,2010-01-01 13:10:00,8.82,Kingman,AZ,5812,food,
7477487,CUST_00181,2010-01-01 13:10:00,50.84,Clayton,NC,7538,purchase,
7477488,CUST_00182,2010-01-01 13:11:00,95.0,Nashville,TN,5499,food,
7477489,CUST_00197,2010-01-01 13:11:00,10.36,Oceanside,CA,5541,fuel,
7477492,CUST_00037,2010-01-01 13:11:00,15.77,San Diego,CA,5541,fuel,
7477493,CUST_00011,2010-01-01 13:11:00,-89.0,Merritt Island,FL,5541,fuel,
7477494,CUST_00131,2010-01-01 13:11:00,69.6,Dallas,TX,5499,food,
7477495,CUST_00094,2010-01-01 13:12:00,17.64,Huntington Station,NY,5812,food,
7477496,CUST_00128,2010-01-01 13:12:00,11.1,Lewistown,PA,5411,food,
7477497,CUST_00239,2010-01-01 13:12:00,100.0,Schenectady,NY,4829,utilities,
7477498,CUST_00072,2010-01-01 13:13:00,6.98,San Miguel,NM,5541,fuel,
7477499,CUST_00161,2010-01-01 13:13:00,73.81,Cocoa,FL,5541,fuel,
7477500,CUST_00210,2010-01-01 13:13:00,46.41,Martinsburg,WV,7538,purchase,
7477501,CUST_00095,2010-01-01 13:13:00,72.58,New York,NY,5411,food,
7477502,CUST_00134,2010-01-01 13:13:00,9.06,Irvington,NY,5814,food,
7477503,CUST_00161,2010-01-01 13:14:00,-65.0,Cocoa,FL,5541,fuel,
7477504,CUST_00182,2010-01-01 13:14:00,-95.0,Nashville,TN,5499,food,
7477505,CUST_00292,2010-01-01 13:14:00,10.79,Houston,TX,5541,fuel,
7477507,CUST_00033,2010-01-01 13:14:00,75.31,Gloucester,VA,5311,shopping,
7477508,CUST_00236,2010-01-01 13:14:00,78.31,Villa Grove,IL,5300,shopping,
7477509,CUST_00242,2010-01-01 13:14:00,120.29,Newark,NJ,5661,shopping,
7477510,CUST_00087,2010-01-01 13:14:00,2.05,Cleveland,OH,7538,purchase,
7477511,CUST_00114,2010-01-01 13:15:00,10.35,Indianapolis,IN,5541,fuel,
7477512,CUST_00282,2010-01-01 13:15:00,111.7,Carmel Valley,CA,5499,food,
7477514,CUST_00167,2010-01-01 13:15:00,-87.0,Panama City,FL,5541,fuel,
7477517,CUST_00276,2010-01-01 13:16:00,17.34,ONLINE,,4784,travel,
7477518,CUST_00222,2010-01-01 13:16:00,87.0,Houston,TX,5541,fuel,
7477520,CUST_00033,2010-01-01 13:16:00,146.75,Dunlap,TN,5300,shopping,
7477521,CUST_00242,2010-01-01 13:16:00,-73.0,Campbell,TX,5541,fuel,
7477522,CUST_00290,2010-01-01 13:17:00,1.26,Richmond,CA,5499,food,
7477524,CUST_00282,2010-01-01 13:17:00,-89.0,Carmel Valley,CA,5499,food,
7477525,CUST_00181,2010-01-01 13:17:00,8.34,Parkville,MD,5411,food,
7477526,CUST_00269,2010-01-01 13:18:00,7.21,Butler,OH,5812,food,
7477527,CUST_00216,2010-01-01 13:18:00,12.93,Houston,TX,5812,food,
7477529,CUST_00150,2010-01-01 13:18:00,9.05,San Fernando,CA,5541,fuel,
7477530,CUST_00011,2010-01-01 13:18:00,89.0,Merritt Island,FL,5541,fuel,
7477531,CUST_00230,2010-01-01 13:18:00,13.47,ONLINE,,5815,food,
7477532,CUST_00039,2010-01-01 13:19:00,34.51,ONLINE,,4784,travel,
7477534,CUST_00166,2010-01-01 13:19:00,11.32,Guadalajara,Mexico,5411,food,
7477535,CUST_00144,2010-01-01 13:19:00,13.72,Savage,MN,5541,fuel,
7477536,CUST_00239,2010-01-01 13:20:00,12.03,Blue Springs,MO,5411,food,Technical Glitch
7477537,CUST_00047,2010-01-01 13:20:00,4.21,Hoagland,IN,5814,food,
7477538,CUST_00182,2010-01-01 13:20:00,38.98,Nashville,TN,5499,food,
7477539,CUST_00256,2010-01-01 13:20:00,35.65,ONLINE,,4784,travel,
7477540,CUST_00177,2010-01-01 13:20:00,16.18,Nevada,TX,5813,entertainment,
7477541,CUST_00057,2010-01-01 13:20:00,-222.0,Miami Beach,FL,3509,travel,
7477542,CUST_00289,2010-01-01 13:20:00,9.68,Louisville,IL,5812,food,
7477543,CUST_00010,2010-01-01 13:20:00,84.64,ONLINE,,4899,utilities,
7477544,CUST_00039,2010-01-01 13:21:00,1.24,Amherst,OH,5411,food,
7477545,CUST_00167,2010-01-01 13:21:00,52.1,Panama City,FL,5541,fuel,
7477546,CUST_00131,2010-01-01 13:21:00,-92.0,Dallas,TX,5499,food,
7477548,CUST_00254,2010-01-01 13:21:00,10.01,Lake Forest,CA,5411,food,
7477550,CUST_00051,2010-01-01 13:22:00,6.63,Asheville,NC,5812,food,
7477551,CUST_00095,2010-01-01 13:22:00,100.0,Belleville,IL,4829,utilities,
7477552,CUST_00206,2010-01-01 13:22:00,8.99,Canal Fulton,OH,5411,food,
7477553,CUST_00160,2010-01-01 13:23:00,40.4,ONLINE,,4784,travel,
7477554,CUST_00129,2010-01-01 13:23:00,22.34,Fayetteville,NC,5813,entertainment,
7477555,CUST_00150,2010-01-01 13:23:00,10.02,Townley,AL,5812,food,
7477556,CUST_00164,2010-01-01 13:24:00,12.69,Pana,IL,5814,food,
7477557,CUST_00044,2010-01-01 13:24:00,12.6,San Mateo,CA,5814,food,
7477558,CUST_00141,2010-01-01 13:24:00,-449.0,Louisville,KY,3504,travel,
7477559,CUST_00187,2010-01-01 13:25:00,7.72,Danville,IL,5411,food,
7477560,CUST_00298,2010-01-01 13:25:00,13.01,Muskegon,MI,5814,food,
7477562,CUST_00004,2010-01-01 13:25:00,10.24,Syracuse,NY,5411,food,
7477563,CUST_00060,2010-01-01 13:25:00,120.0,Castle Rock,CO,4829,utilities,
7477564,CUST_00037,2010-01-01 13:25:00,180.0,Binghamton,NY,4829,utilities,
7477565,CUST_00121,2010-01-01 13:25:00,23.37,ONLINE,,4121,travel,
7477566,CUST_00114,2010-01-01 13:26:00,100.0,Indianapolis,IN,5541,fuel,
7477567,CUST_00029,2010-01-01 13:26:00,1.48,Picayune,MS,5942,shopping,
7477568,CUST_00124,2010-01-01 13:27:00,12.77,Canton,MI,5814,food,
7477569,CUST_00081,2010-01-01 13:27:00,1.16,Barberton,OH,5499,food,
7477570,CUST_00254,2010-01-01 13:27:00,43.0,Suffolk,VA,5541,fuel,
7477571,CUST_00137,2010-01-01 13:27:00,10.26,Charleston,SC,5411,food,
7477572,CUST_00217,2010-01-01 13:27:00,12.78,Mountlake Terrace,WA,5814,food,
7477573,CUST_00130,2010-01-01 13:27:00,11.07,Landing,NJ,5814,food,
7477574,CUST_00222,2010-01-01 13:27:00,22.36,Jeddo,MI,5812,food,
7477575,CUST_00187,2010-01-01 13:28:00,17.67,ONLINE,,4784,travel,
7477576,CUST_00114,2010-01-01 13:28:00,-100.0,Indianapolis,IN,5541,fuel,
7477577,CUST_00248,2010-01-01 13:28:00,12.34,Edgerton,WI,5814,food,
7477578,CUST_00130,2010-01-01 13:28:00,100.0,Irving,TX,4829,utilities,
7477579,CUST_00045,2010-01-01 13:28:00,80.0,Lompoc,CA,4829,utilities,
7477580,CUST_00089,2010-01-01 13:28:00,24.41,Houston,TX,5411,food,
7477581,CUST_00184,2010-01-01 13:29:00,6.08,Harbor City,CA,5411,food,
7477583,CUST_00044,2010-01-01 13:29:00,93.99,ONLINE,,7922,entertainment,
7477584,CUST_00011,2010-01-01 13:29:00,149.43,Merritt Island,FL,5541,fuel,
7477585,CUST_00291,2010-01-01 13:30:00,54.0,Maywood,IL,5499,food,
7477586,CUST_00097,2010-01-01 13:30:00,757.19,Oregon,WI,3509,travel,
7477587,CUST_00232,2010-01-01 13:30:00,287.44,Phoenix,AZ,3509,travel,
7477588,CUST_00241,2010-01-01 13:30:00,53.24,Charlotte,NC,5499,food,
7477589,CUST_00195,2010-01-01 13:30:00,1.27,Batesville,MS,5499,food,
7477590,CUST_00138,2010-01-01 13:30:00,16.59,ONLINE,,5193,purchase,
7477591,CUST_00187,2010-01-01 13:31:00,25.5,Edwardsville,IL,7832,entertainment,
7477592,CUST_00221,2010-01-01 13:31:00,63.26,North Hollywood,CA,4900,utilities,
7477593,CUST_00124,2010-01-01 13:31:00,119.39,Canton,MI,5541,fuel,
7477594,CUST_00008,2010-01-01 13:31:00,77.13,Pottsboro,TX,5912,utilities,
7477595,CUST_00147,2010-01-01 13:31:00,26.34,South Gate,CA,5499,food,
7477597,CUST_00190,2010-01-01 13:32:00,14.21,Searchlight,NV,4121,travel,
7477598,CUST_00147,2010-01-01 13:32:00,93.0,South Gate,CA,5499,food,
7477600,CUST_00297,2010-01-01 13:32:00,0.98,Trion,GA,5499,food,
7477601,CUST_00164,2010-01-01 13:32:00,-70.0,Columbia,SC,5499,food,
7477602,CUST_00124,2010-01-01 13:33:00,9.96,Canton,MI,5541,fuel,Insufficient Balance
7477603,CUST_00110,2010-01-01 13:33:00,48.45,Canton,MA,4121,travel,
7477604,CUST_00296,2010-01-01 13:33:00,96.0,Dallas,TX,5499,food,
7477605,CUST_00028,2010-01-01 13:33:00,150.61,Atlanta,GA,3722,travel,
7477606,CUST_00271,2010-01-01 13:34:00,80.0,Irving,TX,4829,utilities,
7477607,CUST_00163,2010-01-01 13:35:00,216.97,Hialeah,FL,3390,travel,
7477608,CUST_00061,2010-01-01 13:35:00,0.62,Louisville,KY,5499,food,
7477609,CUST_00197,2010-01-01 13:35:00,14.35,Oceanside,CA,5411,food,
7477610,CUST_00025,2010-01-01 13:35:00,163.04,Houston,TX,3504,travel,
7477611,CUST_00095,2010-01-01 13:35:00,9.36,Buchanan Dam,TX,5921,shopping,
7477612,CUST_00069,2010-01-01 13:35:00,35.97,Fort Mill,SC,5814,food,
7477613,CUST_00133,2010-01-01 13:36:00,100.0,Merced,CA,4829,utilities,
7477614,CUST_00234,2010-01-01 13:36:00,9.93,Minneapolis,MN,5921,shopping,
7477616,CUST_00089,2010-01-01 13:36:00,19.09,Houston,TX,5411,food,
7477617,CUST_00139,2010-01-01 13:36:00,47.96,Waianae,HI,7995,entertainment,
7477618,CUST_00091,2010-01-01 13:37:00,502.83,Ellicott City,MD,7995,entertainment,
7477619,CUST_00202,2010-01-01 13:37:00,61.92,Quincy,MA,5541,fuel,
7477620,CUST_00004,2010-01-01 13:37:00,17.7,Federalsburg,MD,5912,utilities,
7477621,CUST_00082,2010-01-01 13:37:00,80.16,Middletown,OH,5912,utilities,
7477623,CUST_00216,2010-01-01 13:38:00,38.73,Auburn,CA,5541,fuel,
7477624,CUST_00187,2010-01-01 13:38:00,7.86,Seymour,IL,5411,food,
7477625,CUST_00230,2010-01-01 13:38:00,13.73,Orlando,FL,5411,food,
7477626,CUST_00210,2010-01-01 13:38:00,100.0,Palm Beach Gardens,FL,4829,utilities,
7477627,CUST_00091,2010-01-01 13:38:00,21.97,ONLINE,,4784,travel,
7477628,CUST_00171,2010-01-01 13:38:00,37.79,ONLINE,,4784,travel,
7477629,CUST_00163,2010-01-01 13:38:00,22.14,ONLINE,,4784,travel,
7477630,CUST_00232,2010-01-01 13:39:00,30.58,Round Lake,IL,5411,food,
7477631,CUST_00216,2010-01-01 13:40:00,-98.0,Auburn,CA,5541,fuel,
7477632,CUST_00008,2010-01-01 13:40:00,71.28,Pottsboro,TX,5912,utilities,Insufficient Balance
7477633,CUST_00155,2010-01-01 13:41:00,6.79,Santa Barbara,CA,5411,food,
7477634,CUST_00196,2010-01-01 13:41:00,21.16,Concord,NC,5813,entertainment,
7477635,CUST_00038,2010-01-01 13:41:00,76.73,Mars,PA,5300,shopping,
7477636,CUST_00240,2010-01-01 13:41:00,120.0,Richmond,CA,4829,utilities,
7477637,CUST_00114,2010-01-01 13:42:00,142.53,ONLINE,,4899,utilities,
7477638,CUST_00003,2010-01-01 13:42:00,66.1,Rainsville,AL,7538,purchase,
7477639,CUST_00164,2010-01-01 13:42:00,70.0,Columbia,SC,5499,food,
7477640,CUST_00232,2010-01-01 13:43:00,-303.0,Phoenix,AZ,3509,travel,
7477641,CUST_00276,2010-01-01 13:43:00,12.66,Wahiawa,HI,5719,shopping,
7477642,CUST_00164,2010-01-01 13:43:00,37.9,Columbia,SC,5499,food,
7477644,CUST_00221,2010-01-01 13:44:00,91.07,ONLINE,,7801,entertainment,
7477645,CUST_00124,2010-01-01 13:44:00,13.17,Canton,MI,5541,fuel,
7477646,CUST_00114,2010-01-01 13:44:00,126.17,Cliffwood,NJ,5651,shopping,
7477647,CUST_00258,2010-01-01 13:44:00,15.19,San Diego,CA,5813,entertainment,
7477648,CUST_00047,2010-01-01 13:44:00,11.76,Manorville,NY,5411,food,
7477649,CUST_00222,2010-01-01 13:44:00,2.58,ONLINE,,7349,purchase,
7477650,CUST_00235,2010-01-01 13:45:00,21.6,Annandale,VA,5813,entertainment,
7477652,CUST_00095,2010-01-01 13:46:00,80.0,Belleville,IL,4829,utilities,
7477654,CUST_00147,2010-01-01 13:47:00,334.39,ONLINE,,4899,utilities,
7477655,CUST_00124,2010-01-01 13:47:00,-83.0,Canton,MI,5541,fuel,
7477656,CUST_00129,2010-01-01 13:47:00,21.75,Fayetteville,NC,5813,entertainment,
7477657,CUST_00241,2010-01-01 13:48:00,58.0,Charlotte,NC,5499,food,
7477658,CUST_00296,2010-01-01 13:48:00,-96.0,Dallas,TX,5499,food,
7477661,CUST_00102,2010-01-01 13:48:00,23.47,Knoxville,TN,5411,food,
7477662,CUST_00291,2010-01-01 13:49:00,56.41,Maywood,IL,5499,food,
7477663,CUST_00163,2010-01-01 13:49:00,-261.0,Hialeah,FL,3390,travel,
7477664,CUST_00164,2010-01-01 13:49:00,10.73,Newburgh,NY,5411,food,
7477665,CUST_00034,2010-01-01 13:49:00,38.57,ONLINE,,4784,travel,
7477666,CUST_00118,2010-01-01 13:49:00,11.88,Tempe,AZ,5411,food,
7477667,CUST_00134,2010-01-01 13:49:00,0.5,Upper Marlboro,MD,5541,fuel,
7477668,CUST_00216,2010-01-01 13:50:00,98.0,Auburn,CA,5541,fuel,
7477669,CUST_00300,2010-01-01 13:50:00,31.29,ONLINE,,4784,travel,
7477672,CUST_00028,2010-01-01 13:50:00,-338.0,Atlanta,GA,3722,travel,
7477674,CUST_00014,2010-01-01 13:51:00,32.6,ONLINE,,4784,travel,
7477675,CUST_00264,2010-01-01 13:52:00,200.0,Newburgh,NY,4829,utilities,
7477676,CUST_00097,2010-01-01 13:52:00,-371.0,Oregon,WI,3509,travel,
7477677,CUST_00046,2010-01-01 13:52:00,-168.0,New York,NY,3395,travel,
7477678,CUST_00206,2010-01-01 13:52:00,49.74,ONLINE,,4784,travel,
7477679,CUST_00215,2010-01-01 13:53:00,86.76,ONLINE,,7801,entertainment,
7477680,CUST_00111,2010-01-01 13:53:00,50.02,Sidney,MT,7230,travel,
7477681,CUST_00128,2010-01-01 13:53:00,18.08,Clearwater,FL,5411,food,
7477682,CUST_00124,2010-01-01 13:54:00,83.0,Canton,MI,5541,fuel,
7477683,CUST_00058,2010-01-01 13:54:00,43.19,San Angelo,TX,7832,entertainment,
7477684,CUST_00241,2010-01-01 13:54:00,-58.0,Charlotte,NC,5499,food,
7477686,CUST_00256,2010-01-01 13:55:00,58.19,ONLINE,,4784,travel,
7477687,CUST_00025,2010-01-01 13:55:00,-193.0,Houston,TX,3504,travel,
7477688,CUST_00046,2010-01-01 13:55:00,231.5,New York,NY,3395,travel,
7477689,CUST_00241,2010-01-01 13:55:00,8.85,White Hall,AR,5411,food,
7477690,CUST_00093,2010-01-01 13:55:00,84.8,Albuquerque,NM,7538,purchase,
7477691,CUST_00190,2010-01-01 13:56:00,16.66,Tucson,AZ,5541,fuel,
7477692,CUST_00086,2010-01-01 13:56:00,12.27,Copiague,NY,5541,fuel,
7477693,CUST_00059,2010-01-01 13:56:00,306.25,Dallas,TX,5932,shopping,
7477694,CUST_00147,2010-01-01 13:57:00,-93.0,South Gate,CA,5499,food,
7477695,CUST_00291,2010-01-01 13:58:00,-54.0,Maywood,IL,5499,food,
7477696,CUST_00151,2010-01-01 13:58:00,64.9,Atlanta,GA,5310,shopping,
7477697,CUST_00191,2010-01-01 13:58:00,213.68,North Hollywood,CA,4900,utilities,
7477698,CUST_00234,2010-01-01 13:58:00,45.48,Burlington,WA,5655,shopping,
7477699,CUST_00296,2010-01-01 13:58:00,28.69,Dallas,TX,5499,food,
7477700,CUST_00069,2010-01-01 13:58:00,1.59,Fruita,CO,5499,food,
7477703,CUST_00130,2010-01-01 13:59:00,13.93,Landing,NJ,5814,food,
7477706,CUST_00184,2010-01-01 14:00:00,16.81,ONLINE,,4784,travel,
7477707,CUST_00047,2010-01-01 14:01:00,-52.0,Huntington,IN,5541,fuel,
7477708,CUST_00038,2010-01-01 14:01:00,156.67,ONLINE,,7922,entertainment,
7477709,CUST_00224,2010-01-01 14:02:00,1.34,Williston Park,NY,5499,food,
7477710,CUST_00252,2010-01-01 14:02:00,142.72,Lubbock,TX,5912,utilities,
7477711,CUST_00293,2010-01-01 14:02:00,36.87,ONLINE,,4784,travel,
7477714,CUST_00013,2010-01-01 14:03:00,9.35,Raceland,LA,5814,food,
7477716,CUST_00132,2010-01-01 14:04:00,44.97,Crown Point,IN,5411,food,
7477717,CUST_00216,2010-01-01 14:04:00,9.92,Houston,TX,5814,food,
7477718,CUST_00032,2010-01-01 14:04:00,47.12,Columbia City,IN,7230,travel,
7477719,CUST_00200,2010-01-01 14:05:00,49.6,Le Mars,IA,5499,food,
7477720,CUST_00212,2010-01-01 14:05:00,175.64,Dripping Springs,TX,3390,travel,
7477721,CUST_00228,2010-01-01 14:05:00,60.0,Upper Sandusky,OH,4829,utilities,
7477722,CUST_00300,2010-01-01 14:05:00,-354.0,Oakland,CA,3596,travel,
7477723,CUST_00185,2010-01-01 14:05:00,41.55,Montgomery,AL,5812,food,
7477724,CUST_00242,2010-01-01 14:05:00,-96.0,Cooper,TX,5499,food,
7477725,CUST_00126,2010-01-01 14:06:00,118.74,Saint Johnsbury,VT,4900,utilities,
7477726,CUST_00261,2010-01-01 14:06:00,16.16,ONLINE,,4121,travel,
7477727,CUST_00300,2010-01-01 14:06:00,41.47,Riverside,CA,5300,shopping,
7477728,CUST_00228,2010-01-01 14:06:00,50.95,ONLINE,,4784,travel,
7477730,CUST_00268,2010-01-01 14:07:00,86.32,Austin,TX,5310,shopping,Bad PIN
7477731,CUST_00236,2010-01-01 14:07:00,82.0,Ashland,OH,5499,food,
7477732,CUST_00200,2010-01-01 14:07:00,-52.0,Le Mars,IA,5499,food,
7477733,CUST_00008,2010-01-01 14:07:00,2.32,Cullen,LA,5499,food,
7477735,CUST_00200,2010-01-01 14:08:00,13.27,Pixley,CA,5310,shopping,
7477736,CUST_00201,2010-01-01 14:08:00,368.31,Elmont,NY,7802,entertainment,
7477738,CUST_00189,2010-01-01 14:08:00,160.0,Bowling Green,KY,4829,utilities,
7477739,CUST_00113,2010-01-01 14:08:00,164.47,Colorado Springs,CO,4814,utilities,
7477740,CUST_00033,2010-01-01 14:08:00,14.71,Gloucester,VA,5813,entertainment,
7477741,CUST_00095,2010-01-01 14:08:00,16.61,ONLINE,,5815,food,
7477742,CUST_00111,2010-01-01 14:08:00,15.4,Lakeville,MN,5411,food,
7477744,CUST_00233,2010-01-01 14:09:00,13.01,Mediapolis,IA,5411,food,
7477745,CUST_00055,2010-01-01 14:09:00,100.0,Bumpass,VA,4829,utilities,
7477746,CUST_00300,2010-01-01 14:09:00,227.55,Oakland,CA,3596,travel,
7477747,CUST_00150,2010-01-01 14:09:00,95.73,San Fernando,CA,5411,food,
7477749,CUST_00041,2010-01-01 14:10:00,635.56,Hunker,PA,3260,travel,
7477752,CUST_00196,2010-01-01 14:10:00,18.54,Schofield,WI,5311,shopping,
7477753,CUST_00187,2010-01-01 14:10:00,18.92,ONLINE,,4121,travel,
7477755,CUST_00080,2010-01-01 14:11:00,0.44,Latrobe,PA,5814,food,
7477756,CUST_00264,2010-01-01 14:12:00,7.55,Highland,NY,5812,food,
7477757,CUST_00091,2010-01-01 14:12:00,54.18,ONLINE,,4784,travel,
7477758,CUST_00028,2010-01-01 14:12:00,85.0,Cushing,OK,5499,food,
7477759,CUST_00250,2010-01-01 14:12:00,2.99,Germantown,MD,5814,food,
7477760,CUST_00281,2010-01-01 14:12:00,100.0,Scarbro,WV,4829,utilities,
7477761,CUST_00028,2010-01-01 14:13:00,-85.0,Cushing,OK,5499,food,
7477763,CUST_00250,2010-01-01 14:13:00,10.66,Big Bear Lake,CA,5813,entertainment,
7477764,CUST_00090,2010-01-01 14:13:00,11.98,Richmond,VT,5411,food,
7477765,CUST_00190,2010-01-01 14:14:00,54.93,Crothersville,IN,7538,purchase,
7477766,CUST_00247,2010-01-01 14:14:00,-61.0,Tacoma,WA,5499,food,
7477767,CUST_00205,2010-01-01 14:15:00,8.29,Sioux Falls,SD,5541,fuel,
7477768,CUST_00044,2010-01-01 14:15:00,120.0,Newtown,PA,4829,utilities,
7477769,CUST_00180,2010-01-01 14:15:00,40.4,Telford,PA,5813,entertainment,
7477770,CUST_00236,2010-01-01 14:16:00,-82.0,Ashland,OH,5499,food,
7477773,CUST_00126,2010-01-01 14:16:00,10.99,ONLINE,,4784,travel,
7477774,CUST_00028,2010-01-01 14:16:00,106.83,Muskogee,OK,5411,food,
7477776,CUST_00270,2010-01-01 14:16:00,10.36,Union City,CA,5411,food,
7477777,CUST_00187,2010-01-01 14:17:00,24.02,ONLINE,,4784,travel,
7477778,CUST_00047,2010-01-01 14:17:00,52.0,Huntington,IN,5541,fuel,
7477780,CUST_00210,2010-01-01 14:17:00,12.14,Martinsburg,WV,5912,utilities,
7477781,CUST_00268,2010-01-01 14:17:00,18.71,Lyndonville,VT,5912,utilities,
7477782,CUST_00205,2010-01-01 14:17:00,34.45,Waukegan,IL,5813,entertainment,
7477783,CUST_00236,2010-01-01 14:18:00,64.2,Ashland,OH,5499,food,
7477784,CUST_00028,2010-01-01 14:18:00,1.7,Cushing,OK,5499,food,
7477785,CUST_00196,2010-01-01 14:18:00,15.31,Forest City,NC,7832,entertainment,
7477786,CUST_00160,2010-01-01 14:19:00,31.59,ONLINE,,4784,travel,
7477787,CUST_00281,2010-01-01 14:19:00,81.16,Phoenix,NY,5411,food,
7477788,CUST_00045,2010-01-01 14:19:00,60.0,Lompoc,CA,4829,utilities,
7477789,CUST_00247,2010-01-01 14:19:00,1.43,Tacoma,WA,5499,food,
7477790,CUST_00293,2010-01-01 14:19:00,32.69,Kahului,HI,4121,travel,
7477791,CUST_00235,2010-01-01 14:20:00,42.13,Chesapeake,VA,5541,fuel,
7477792,CUST_00047,2010-01-01 14:21:00,27.86,Huntington,IN,5541,fuel,
7477794,CUST_00247,2010-01-01 14:21:00,61.0,Tacoma,WA,5499,food,
7477795,CUST_00003,2010-01-01 14:22:00,53.0,Withee,WI,5499,food,
7477797,CUST_00233,2010-01-01 14:22:00,58.62,Burlington,IA,7538,purchase,
7477798,CUST_00092,2010-01-01 14:22:00,12.14,Claypool,IN,5300,shopping,
7477799,CUST_00257,2010-01-01 14:22:00,146.19,Milwaukee,WI,4900,utilities,
7477800,CUST_00231,2010-01-01 14:23:00,1.32,Sumter,SC,5411,food,
7477803,CUST_00150,2010-01-01 14:23:00,54.92,Atlantic City,NJ,7995,entertainment,
7477804,CUST_00185,2010-01-01 14:23:00,82.06,Bakersfield,CA,5655,shopping,
7477805,CUST_00045,2010-01-01 14:23:00,13.38,Santa Barbara,CA,5921,shopping,
7477806,CUST_00300,2010-01-01 14:23:00,6.59,Revere,MA,5411,food,
7477807,CUST_00095,2010-01-01 14:23:00,35.64,ONLINE,,4121,travel,
7477808,CUST_00242,2010-01-01 14:23:00,45.94,Cooper,TX,5499,food,
7477809,CUST_00268,2010-01-01 14:24:00,115.62,Austin,TX,5310,shopping,Insufficient Balance
7477810,CUST_00254,2010-01-01 14:24:00,51.63,Rancho Cucamonga,CA,5411,food,
7477811,CUST_00003,2010-01-01 14:25:00,-53.0,Withee,WI,5499,food,
7477812,CUST_00260,2010-01-01 14:25:00,23.14,ONLINE,,5311,shopping,
7477813,CUST_00009,2010-01-01 14:25:00,108.13,Garland,TX,4111,travel,
7477814,CUST_00192,2010-01-01 14:25:00,25.28,ONLINE,,4784,travel,
7477815,CUST_00242,2010-01-01 14:25:00,8.22,Union,NJ,5541,fuel,
7477816,CUST_00029,2010-01-01 14:26:00,1.61,Hattiesburg,MS,5499,food,
7477817,CUST_00298,2010-01-01 14:26:00,10.1,Muskegon,MI,5541,fuel,
7477818,CUST_00074,2010-01-01 14:26:00,378.91,Arcadia,CA,7802,entertainment,
7477819,CUST_00163,2010-01-01 14:27:00,28.0,ONLINE,,4784,travel,
7477820,CUST_00242,2010-01-01 14:27:00,96.0,Cooper,TX,5499,food,
7477821,CUST_00200,2010-01-01 14:28:00,52.0,Le Mars,IA,5499,food,
7477823,CUST_00003,2010-01-01 14:29:00,39.85,Withee,WI,5499,food,
7477824,CUST_00212,2010-01-01 14:29:00,-105.0,Dripping Springs,TX,3390,travel,
7477825,CUST_00148,2010-01-01 14:29:00,60.0,Oklahoma City,OK,4829,utilities,
7477826,CUST_00242,2010-01-01 14:29:00,26.52,ONLINE,,4784,travel,
7477827,CUST_00074,2010-01-01 14:30:00,354.55,Thackerville,OK,7995,entertainment,
7477828,CUST_00125,2010-01-01 14:30:00,160.0,San Mateo,CA,4829,utilities,
7477829,CUST_00225,2010-01-01 14:31:00,39.28,Capac,MI,5541,fuel,
7477830,CUST_00276,2010-01-01 14:31:00,9.85,Ewa Beach,HI,5541,fuel,
7477831,CUST_00073,2010-01-01 14:31:00,80.54,Atlantic City,NJ,7995,entertainment,
7477832,CUST_00136,2010-01-01 14:32:00,37.82,Bellaire,OH,5411,food,
7477834,CUST_00202,2010-01-01 14:32:00,9.42,Cottonwood,CA,5814,food,
7477835,CUST_00142,2010-01-01 14:32:00,52.32,ONLINE,,4784,travel,
7477836,CUST_00270,2010-01-01 14:33:00,6.85,Nebraska City,NE,5812,food,
7477837,CUST_00126,2010-01-01 14:33:00,9.38,Wichita,KS,5411,food,
7477838,CUST_00150,2010-01-01 14:33:00,151.46,San Fernando,CA,4900,utilities,
7477840,CUST_00101,2010-01-01 14:34:00,60.0,Defiance,OH,5499,food,
7477841,CUST_00028,2010-01-01 14:34:00,15.59,ONLINE,,4121,travel,
7477842,CUST_00299,2010-01-01 14:34:00,70.0,Calistoga,CA,5541,fuel,
7477843,CUST_00139,2010-01-01 14:34:00,-76.0,Waianae,HI,5499,food,
7477844,CUST_00180,2010-01-01 14:34:00,177.23,Conroe,TX,4814,utilities,
7477846,CUST_00225,2010-01-01 14:35:00,-68.0,Capac,MI,5541,fuel,
7477847,CUST_00043,2010-01-01 14:35:00,6.74,Putnam Valley,NY,5310,shopping,
7477848,CUST_00257,2010-01-01 14:35:00,22.82,Elk Grove Village,IL,5411,food,
7477849,CUST_00246,2010-01-01 14:35:00,37.48,Trenton,GA,7538,purchase,
7477850,CUST_00151,2010-01-01 14:36:00,39.36,ONLINE,,4784,travel,
7477851,CUST_00099,2010-01-01 14:36:00,58.05,Houston,TX,5300,shopping,
7477852,CUST_00242,2010-01-01 14:36:00,1.95,Bessemer,AL,5813,entertainment,
7477854,CUST_00225,2010-01-01 14:37:00,68.0,Capac,MI,5541,fuel,
7477855,CUST_00101,2010-01-01 14:37:00,55.24,Defiance,OH,5499,food,
7477856,CUST_00032,2010-01-01 14:37:00,40.68,ONLINE,,4784,travel,
7477857,CUST_00051,2010-01-01 14:37:00,10.14,O Fallon,MO,5411,food,
7477858,CUST_00218,2010-01-01 14:38:00,-76.0,Bothell,WA,5499,food,
7477859,CUST_00133,2010-01-01 14:38:00,15.26,Celina,OH,5921,shopping,
7477861,CUST_00236,2010-01-01 14:39:00,37.2,Stamford,CT,5813,entertainment,
7477862,CUST_00238,2010-01-01 14:39:00,110.99,Olathe,KS,5651,shopping,
7477864,CUST_00190,2010-01-01 14:39:00,-110.0,Waianae,HI,3730,travel,
7477866,CUST_00299,2010-01-01 14:40:00,59.91,Calistoga,CA,5541,fuel,
7477867,CUST_00286,2010-01-01 14:40:00,82.0,Portland,OR,5541,fuel,
7477868,CUST_00257,2010-01-01 14:41:00,10.14,Saint George,UT,5541,fuel,
7477869,CUST_00055,2010-01-01 14:41:00,20.0,Mobile,AL,5411,food,
7477871,CUST_00299,2010-01-01 14:41:00,-70.0,Calistoga,CA,5541,fuel,
7477873,CUST_00268,2010-01-01 14:41:00,21.8,Traverse City,MI,5813,entertainment,
7477874,CUST_00160,2010-01-01 14:41:00,94.8,Lake Park,GA,5300,shopping,
7477875,CUST_00199,2010-01-01 14:41:00,59.12,Miami,FL,5411,food,
7477876,CUST_00234,2010-01-01 14:42:00,62.32,South Ozone Park,NY,7802,entertainment,
7477877,CUST_00286,2010-01-01 14:42:00,87.34,Portland,OR,5541,fuel,
7477879,CUST_00243,2010-01-01 14:42:00,25.11,Greensboro,NC,5411,food,
7477880,CUST_00187,2010-01-01 14:42:00,26.58,ONLINE,,4121,travel,
7477882,CUST_00102,2010-01-01 14:43:00,44.25,Sioux Falls,SD,5813,entertainment,
7477883,CUST_00286,2010-01-01 14:43:00,-82.0,Portland,OR,5541,fuel,
7477884,CUST_00045,2010-01-01 14:43:00,36.16,ONLINE,,4784,travel,
7477885,CUST_00050,2010-01-01 14:43:00,100.0,Shreveport,LA,4829,utilities,
7477886,CUST_00059,2010-01-01 14:43:00,30.77,ONLINE,,4121,travel,
7477887,CUST_00249,2010-01-01 14:44:00,40.24,ONLINE,,7349,purchase,
7477890,CUST_00139,2010-01-01 14:44:00,76.0,Waianae,HI,5499,food,
7477891,CUST_00139,2010-01-01 14:45:00,7.53,Springfield,OH,5411,food,
7477892,CUST_00190,2010-01-01 14:45:00,168.82,Waianae,HI,3730,travel,
7477894,CUST_00027,2010-01-01 14:45:00,21.38,ONLINE,,4121,travel,
7477895,CUST_00266,2010-01-01 14:46:00,32.24,Elk Grove,CA,5813,entertainment,
7477896,CUST_00218,2010-01-01 14:47:00,76.0,Bothell,WA,5499,food,
7477897,CUST_00060,2010-01-01 14:47:00,27.21,Orlando,FL,5813,entertainment,
7477898,CUST_00053,2010-01-01 14:47:00,8.51,Corona,NY,5814,food,
7477899,CUST_00190,2010-01-01 14:48:00,10.75,ONLINE,,4121,travel,
7477900,CUST_00167,2010-01-01 14:48:00,46.09,ONLINE,,4784,travel,
7477901,CUST_00073,2010-01-01 14:49:00,74.94,ONLINE,,4784,travel,
7477902,CUST_00005,2010-01-01 14:49:00,73.0,Newport News,VA,5411,food,
7477903,CUST_00074,2010-01-01 14:49:00,38.08,San Antonio,TX,5813,entertainment,
7477904,CUST_00274,2010-01-01 14:49:00,32.44,Vanderbilt,PA,5300,shopping,
7477905,CUST_00087,2010-01-01 14:49:00,11.74,Port Orange,FL,5411,food,
7477907,CUST_00155,2010-01-01 14:50:00,12.04,Gainesville,FL,5912,utilities,
7477908,CUST_00155,2010-01-01 14:50:00,16.04,ONLINE,,4121,travel,
7477909,CUST_00197,2010-01-01 14:50:00,35.92,Detroit,MI,7538,purchase,
7477910,CUST_00101,2010-01-01 14:50:00,-60.0,Defiance,OH,5499,food,
7477912,CUST_00158,2010-01-01 14:51:00,44.06,ONLINE,,4784,travel,
7477913,CUST_00218,2010-01-01 14:52:00,75.54,Bothell,WA,5499,food,
7477914,CUST_00273,2010-01-01 14:52:00,14.18,Oak Ridge,TN,5411,food,
7477915,CUST_00292,2010-01-01 14:52:00,116.24,Houston,TX,7538,purchase,
7477917,CUST_00013,2010-01-01 14:52:00,1.02,New Market,TN,5499,food,
7477918,CUST_00282,2010-01-01 14:52:00,26.62,ONLINE,,4784,travel,
7477919,CUST_00074,2010-01-01 14:53:00,77.1,San Antonio,TX,5651,shopping,
7477920,CUST_00011,2010-01-01 14:53:00,53.29,Gainesville,FL,5311,shopping,
7477921,CUST_00282,2010-01-01 14:53:00,1.65,Madison,GA,5499,food,
7477922,CUST_00261,2010-01-01 14:53:00,16.7,San Antonio,TX,4121,travel,
7477923,CUST_00217,2010-01-01 14:53:00,60.39,Mountlake Terrace,WA,5541,fuel,
7477924,CUST_00205,2010-01-01 14:54:00,8.47,Sioux Falls,SD,5812,food,
7477925,CUST_00252,2010-01-01 14:54:00,1.22,Griffin,GA,5411,food,
7477927,CUST_00002,2010-01-01 14:54:00,47.34,Cape Coral,FL,5411,food,
7477928,CUST_00002,2010-01-01 14:54:00,5.52,Hampton,NJ,5300,shopping,
7477929,CUST_00095,2010-01-01 14:54:00,33.77,Wauconda,IL,4121,travel,
7477930,CUST_00053,2010-01-01 14:55:00,7.05,Miami,FL,5411,food,
7477931,CUST_00086,2010-01-01 14:55:00,36.96,ONLINE,,4784,travel,
7477932,CUST_00047,2010-01-01 14:55:00,34.65,Hamtramck,MI,7538,purchase,
7477933,CUST_00016,2010-01-01 14:56:00,52.38,Fort Walton Beach,FL,5411,food,
7477935,CUST_00139,2010-01-01 14:57:00,34.57,Waianae,HI,5499,food,
7477936,CUST_00266,2010-01-01 14:57:00,51.89,ONLINE,,4784,travel,
7477937,CUST_00124,2010-01-01 14:57:00,11.01,Caldwell,OH,5812,food,
7477938,CUST_00202,2010-01-01 14:58:00,4.67,Edgartown,MA,5719,shopping,
7477939,CUST_00123,2010-01-01 14:58:00,314.48,Matthews,NC,4900,utilities,
7477941,CUST_00071,2010-01-01 14:58:00,20.49,Manahawkin,NJ,7538,purchase,
7477942,CUST_00053,2010-01-01 14:59:00,10.2,Miami,FL,4121,travel,
7477943,CUST_00157,2010-01-01 14:59:00,49.01,Novi,MI,5541,fuel,
7477944,CUST_00246,2010-01-01 15:00:00,22.03,Mesquite,TX,5813,entertainment,
7477945,CUST_00130,2010-01-01 15:00:00,93.96,Netcong,NJ,5912,utilities,
7477946,CUST_00059,2010-01-01 15:00:00,12.57,Dallas,TX,5311,shopping,
7477947,CUST_00249,2010-01-01 15:01:00,10.0,Indialantic,FL,5541,fuel,
7477948,CUST_00182,2010-01-01 15:01:00,82.0,Holland,MI,5499,food,
7477949,CUST_00295,2010-01-01 15:01:00,2.78,Chicago,IL,5411,food,
7477950,CUST_00005,2010-01-01 15:01:00,-65.0,Kansas City,MO,5499,food,
7477951,CUST_00258,2010-01-01 15:01:00,0.98,Bronx,NY,5499,food,
7477952,CUST_00213,2010-01-01 15:02:00,41.65,ONLINE,,4784,travel,
7477953,CUST_00036,2010-01-01 15:02:00,46.53,ONLINE,,7922,entertainment,
7477955,CUST_00124,2010-01-01 15:02:00,-73.0,Olympia,WA,5541,fuel,
7477958,CUST_00039,2010-01-01 15:03:00,11.07,ONLINE,,4121,travel,
7477960,CUST_00028,2010-01-01 15:03:00,23.93,ONLINE,,4121,travel,
7477962,CUST_00212,2010-01-01 15:04:00,20.74,ONLINE,,4121,travel,
7477963,CUST_00160,2010-01-01 15:04:00,33.93,West Palm Beach,FL,5813,entertainment,
7477964,CUST_00241,2010-01-01 15:04:00,15.55,Piedmont,SD,7538,purchase,
7477967,CUST_00016,2010-01-01 15:05:00,24.42,Fort Walton Beach,FL,4121,travel,
7477969,CUST_00242,2010-01-01 15:05:00,53.79,ONLINE,,7801,entertainment,
7477970,CUST_00028,2010-01-01 15:06:00,160.0,Minneapolis,MN,4829,utilities,
7477971,CUST_00219,2010-01-01 15:06:00,22.43,Monroe,MI,5921,shopping,
7477972,CUST_00236,2010-01-01 15:07:00,46.71,Stamford,CT,5813,entertainment,
7477973,CUST_00289,2010-01-01 15:07:00,202.12,Belleville,IL,5912,utilities,
7477974,CUST_00209,2010-01-01 15:07:00,72.57,Tucson,AZ,5912,utilities,
7477975,CUST_00286,2010-01-01 15:07:00,88.6,Battle Creek,MI,5300,shopping,
7477976,CUST_00072,2010-01-01 15:08:00,112.19,Norwalk,CT,7538,purchase,
7477977,CUST_00141,2010-01-01 15:08:00,-68.0,Foxboro,MA,5499,food,
7477978,CUST_00157,2010-01-01 15:09:00,14.66,ONLINE,,4121,travel,
7477979,CUST_00196,2010-01-01 15:09:00,9.56,Winder,GA,4121,travel,
7477980,CUST_00152,2010-01-01 15:10:00,50.28,Venus,TX,7538,purchase,
7477982,CUST_00087,2010-01-01 15:10:00,114.62,Etters,PA,5300,shopping,
7477983,CUST_00005,2010-01-01 15:10:00,65.0,Kansas City,MO,5499,food,
7477984,CUST_00234,2010-01-01 15:11:00,-162.0,Peckville,PA,7011,travel,
7477985,CUST_00255,2010-01-01 15:11:00,10.66,Lakewood,NJ,5411,food,
7477986,CUST_00250,2010-01-01 15:11:00,17.56,ONLINE,,4784,travel,
7477987,CUST_00132,2010-01-01 15:11:00,96.63,Clinton,TN,5912,utilities,
7477988,CUST_00182,2010-01-01 15:12:00,-82.0,Holland,MI,5499,food,
7477989,CUST_00028,2010-01-01 15:12:00,0.07,Meridian,MS,5499,food,
7477991,CUST_00074,2010-01-01 15:13:00,60.45,Newton,NC,5541,fuel,
7477992,CUST_00182,2010-01-01 15:13:00,59.49,Holland,MI,5499,food,
7477994,CUST_00291,2010-01-01 15:14:00,18.65,ONLINE,,4784,travel,
7477995,CUST_00018,2010-01-01 15:14:00,81.57,Warren,OH,5300,shopping,
7477996,CUST_00282,2010-01-01 15:14:00,1.7,Madison,GA,5499,food,
7477997,CUST_00083,2010-01-01 15:14:00,26.79,ONLINE,,4784,travel,
7477998,CUST_00161,2010-01-01 15:15:00,22.79,ONLINE,,4784,travel,
7477999,CUST_00201,2010-01-01 15:15:00,-83.0,Alburtis,PA,5541,fuel,Insufficient Balance
7478000,CUST_00124,2010-01-01 15:15:00,73.0,Olympia,WA,5541,fuel,
7478001,CUST_00230,2010-01-01 15:15:00,41.54,ONLINE,,4784,travel,
7478002,CUST_00288,2010-01-01 15:15:00,-66.0,Chicago,IL,5499,food,
7478003,CUST_00170,2010-01-01 15:15:00,64.06,Los Angeles,CA,5411,food,
7478004,CUST_00150,2010-01-01 15:15:00,73.62,Westlake Village,CA,5719,shopping,
7478005,CUST_00206,2010-01-01 15:15:00,40.09,Montgomery,IN,7538,purchase,
7478006,CUST_00241,2010-01-01 15:15:00,100.0,Vancouver,WA,4829,utilities,
7478008,CUST_00201,2010-01-01 15:16:00,96.66,Alburtis,PA,5541,fuel,
7478010,CUST_00068,2010-01-01 15:16:00,55.52,Thackerville,OK,7995,entertainment,
7478011,CUST_00124,2010-01-01 15:17:00,27.8,Olympia,WA,5541,fuel,
7478013,CUST_00234,2010-01-01 15:18:00,135.17,Peckville,PA,7011,travel,
7478014,CUST_00129,2010-01-01 15:18:00,40.23,Fayetteville,NC,5300,shopping,
7478015,CUST_00281,2010-01-01 15:18:00,120.0,Newburgh,NY,4829,utilities,
7478016,CUST_00011,2010-01-01 15:18:00,9.15,ONLINE,,4784,travel,
7478017,CUST_00016,2010-01-01 15:18:00,194.37,Middletown,NY,7996,entertainment,
7478018,CUST_00053,2010-01-01 15:18:00,8.09,Corona,NY,5812,food,
7478019,CUST_00201,2010-01-01 15:19:00,83.0,Alburtis,PA,5541,fuel,
7478021,CUST_00291,2010-01-01 15:19:00,104.99,ONLINE,,5311,shopping,
7478023,CUST_00002,2010-01-01 15:19:00,5.84,Princeton Junction,NJ,5411,food,
7478024,CUST_00030,2010-01-01 15:19:00,12.38,Ballwin,MO,5411,food,
7478025,CUST_00005,2010-01-01 15:19:00,7.13,Kansas City,MO,5499,food,
7478026,CUST_00049,2010-01-01 15:20:00,2.22,Lake Havasu City,AZ,5499,food,
7478027,CUST_00018,2010-01-01 15:20:00,2.78,ONLINE,,4784,travel,
7478028,CUST_00094,2010-01-01 15:20:00,95.7,Huntington Station,NY,4900,utilities,
7478029,CUST_00189,2010-01-01 15:21:00,25.21,ONLINE,,4121,travel,
7478030,CUST_00142,2010-01-01 15:21:00,38.63,ONLINE,,4784,travel,
7478031,CUST_00199,2010-01-01 15:21:00,8.83,Vero Beach,FL,5411,food,
7478032,CUST_00205,2010-01-01 15:22:00,7.46,Sioux Falls,SD,5812,food,
7478034,CUST_00141,2010-01-01 15:22:00,71.57,Hamilton,OH,5712,shopping,
7478035,CUST_00141,2010-01-01 15:22:00,37.29,ONLINE,,4900,utilities,
7478036,CUST_00095,2010-01-01 15:22:00,33.0,ONLINE,,4121,travel,
7478037,CUST_00282,2010-01-01 15:22:00,17.97,ONLINE,,4784,travel,
7478038,CUST_00151,2010-01-01 15:23:00,50.75,ONLINE,,4784,travel,
7478039,CUST_00074,2010-01-01 15:23:00,235.37,Lincoln Park,MI,3771,travel,
7478040,CUST_00149,2010-01-01 15:23:00,64.42,Alice,TX,7538,purchase,
7478041,CUST_00285,2010-01-01 15:23:00,26.85,ONLINE,,4121,travel,
7478042,CUST_00074,2010-01-01 15:24:00,-302.0,Lincoln Park,MI,3771,travel,
7478043,CUST_00088,2010-01-01 15:24:00,119.61,Riverside,CA,7996,entertainment,
7478044,CUST_00236,2010-01-01 15:24:00,19.47,Palm Coast,FL,5813,entertainment,
7478045,CUST_00141,2010-01-01 15:24:00,84.39,Foxboro,MA,5499,food,
7478046,CUST_00205,2010-01-01 15:24:00,31.7,Waukegan,IL,5813,entertainment,
7478048,CUST_00032,2010-01-01 15:24:00,75.56,ONLINE,,4784,travel,
7478049,CUST_00069,2010-01-01 15:24:00,225.65,Grand Junction,CO,7995,entertainment,
7478050,CUST_00152,2010-01-01 15:25:00,42.67,Venus,TX,7538,purchase,Insufficient Balance
7478051,CUST_00279,2010-01-01 15:25:00,10.26,Concord,NC,5411,food,
7478052,CUST_00061,2010-01-01 15:25:00,12.74,Aynor,SC,5300,shopping,
7478053,CUST_00141,2010-01-01 15:26:00,68.0,Foxboro,MA,5499,food,
7478055,CUST_00241,2010-01-01 15:27:00,51.57,ONLINE,,7349,purchase,
7478056,CUST_00288,2010-01-01 15:28:00,96.88,Chicago,IL,5499,food,
7478057,CUST_00037,2010-01-01 15:28:00,2.47,Sterling,NE,5300,shopping,
7478058,CUST_00232,2010-01-01 15:29:00,31.73,ONLINE,,4784,travel,
7478059,CUST_00288,2010-01-01 15:29:00,66.0,Chicago,IL,5499,food,
7478060,CUST_00289,2010-01-01 15:30:00,89.73,ONLINE,,4784,travel,Insufficient Balance
7478061,CUST_00098,2010-01-01 15:30:00,-66.0,Nashport,OH,5541,fuel,
7478062,CUST_00255,2010-01-01 15:31:00,13.59,Batavia,IL,5411,food,
7478063,CUST_00167,2010-01-01 15:31:00,43.96,ONLINE,,4784,travel,
7478064,CUST_00254,2010-01-01 15:31:00,5.11,Syracuse,NY,5411,food,
7478065,CUST_00096,2010-01-01 15:31:00,68.64,Lenoir,NC,5912,utilities,
7478066,CUST_00236,2010-01-01 15:32:00,-108.0,Norwalk,OH,3780,travel,
7478067,CUST_00095,2010-01-01 15:32:00,37.66,Wauconda,IL,4121,travel,
7478068,CUST_00234,2010-01-01 15:33:00,95.0,Burlington,WA,5912,utilities,
7478069,CUST_00025,2010-01-01 15:33:00,33.52,Abbeville,LA,5541,fuel,
7478070,CUST_00099,2010-01-01 15:34:00,45.2,Waco,TX,5912,utilities,
7478071,CUST_00281,2010-01-01 15:34:00,120.0,Newburgh,NY,4829,utilities,
7478072,CUST_00160,2010-01-01 15:34:00,8.19,Rincon,GA,5814,food,
7478073,CUST_00097,2010-01-01 15:35:00,-260.0,Highland,WI,3395,travel,
7478075,CUST_00210,2010-01-01 15:35:00,79.0,Tucson,AZ,5499,food,
7478076,CUST_00246,2010-01-01 15:35:00,32.22,Fort Worth,TX,5942,shopping,
7478078,CUST_00205,2010-01-01 15:35:00,25.0,Waukegan,IL,5813,entertainment,
7478079,CUST_00241,2010-01-01 15:35:00,38.3,San Francisco,CA,5411,food,
7478080,CUST_00252,2010-01-01 15:36:00,48.38,Detroit,MI,7832,entertainment,
7478081,CUST_00069,2010-01-01 15:36:00,113.8,West Linn,OR,5411,food,
7478083,CUST_00006,2010-01-01 15:37:00,43.05,Washington,DC,5813,entertainment,
7478084,CUST_00210,2010-01-01 15:37:00,169.76,West Palm Beach,FL,7996,entertainment,
7478085,CUST_00201,2010-01-01 15:37:00,48.77,Alburtis,PA,5541,fuel,
7478086,CUST_00291,2010-01-01 15:37:00,13.91,ONLINE,,4784,travel,
7478087,CUST_00134,2010-01-01 15:37:00,36.51,ONLINE,,4784,travel,
7478089,CUST_00013,2010-01-01 15:37:00,14.26,Raceland,LA,5300,shopping,
7478091,CUST_00243,2010-01-01 15:37:00,37.21,Pacoima,CA,5499,food,
7478090,CUST_00243,2010-01-01 15:37:00,61.0,Pacoima,CA,5499,food,
7478092,CUST_00235,2010-01-01 15:38:00,40.16,Brooklyn,NY,7538,purchase,
7478093,CUST_00232,2010-01-01 15:38:00,-273.0,Brockport,NY,3504,travel,
7478094,CUST_00098,2010-01-01 15:38:00,66.0,Nashport,OH,5541,fuel,
7478095,CUST_00233,2010-01-01 15:39:00,0.91,Solon,IA,7230,travel,
7478096,CUST_00117,2010-01-01 15:39:00,2.46,Lombard,IL,4121,travel,
7478097,CUST_00003,2010-01-01 15:39:00,40.59,ONLINE,,4784,travel,
7478098,CUST_00197,2010-01-01 15:39:00,16.46,Fort Lauderdale,FL,5813,entertainment,
7478099,CUST_00025,2010-01-01 15:39:00,-71.0,Abbeville,LA,5541,fuel,
7478100,CUST_00114,2010-01-01 15:40:00,6.92,Indianapolis,IN,5541,fuel,
7478101,CUST_00189,2010-01-01 15:40:00,47.46,ONLINE,,4814,utilities,
7478102,CUST_00239,2010-01-01 15:41:00,9.56,Oshkosh,WI,5311,shopping,
7478103,CUST_00221,2010-01-01 15:41:00,60.79,Joshua Tree,CA,4111,travel,
7478104,CUST_00197,2010-01-01 15:41:00,16.01,Detroit,MI,7538,purchase,
7478106,CUST_00232,2010-01-01 15:43:00,14.81,ONLINE,,4121,travel,
7478107,CUST_00083,2010-01-01 15:43:00,0.0,Wilkes Barre,PA,4829,utilities,
7478108,CUST_00002,2010-01-01 15:43:00,20.21,Belgrade,ME,5813,entertainment,
7478109,CUST_00132,2010-01-01 15:43:00,-64.0,Danville,NH,5541,fuel,
7478110,CUST_00146,2010-01-01 15:43:00,29.4,Pearland,TX,4121,travel,
7478111,CUST_00138,2010-01-01 15:43:00,11.25,Phoenix,NY,5411,food,
7478112,CUST_00097,2010-01-01 15:44:00,94.07,Atlanta,GA,7538,purchase,
7478114,CUST_00013,2010-01-01 15:44:00,16.42,Tucker,GA,5411,food,
7478115,CUST_00289,2010-01-01 15:44:00,76.61,ONLINE,,4784,travel,
7478116,CUST_00137,2010-01-01 15:45:00,10.92,Brookhaven,MS,5499,food,
7478117,CUST_00105,2010-01-01 15:45:00,62.87,Hawarden,IA,5541,fuel,
7478118,CUST_00053,2010-01-01 15:45:00,19.55,Corona,NY,5813,entertainment,Technical Glitch
7478119,CUST_00210,2010-01-01 15:46:00,-79.0,Tucson,AZ,5499,food,
7478120,CUST_00117,2010-01-01 15:46:00,10.65,Lombard,IL,5812,food,
7478121,CUST_00243,2010-01-01 15:46:00,-61.0,Pacoima,CA,5499,food,
7478122,CUST_00201,2010-01-01 15:47:00,93.0,Alburtis,PA,5541,fuel,
7478123,CUST_00061,2010-01-01 15:48:00,1.49,Austin,TX,5411,food,
7478124,CUST_00258,2010-01-01 15:48:00,214.85,ONLINE,,4899,utilities,
7478125,CUST_00035,2010-01-01 15:48:00,28.64,Acworth,GA,5912,utilities,
7478126,CUST_00170,2010-01-01 15:49:00,13.58,Garner,NC,5912,utilities,
7478127,CUST_00050,2010-01-01 15:49:00,41.81,Shreveport,LA,5311,shopping,
7478128,CUST_00069,2010-01-01 15:49:00,7.65,Fruita,CO,5411,food,
7478130,CUST_00133,2010-01-01 15:50:00,30.55,Celina,OH,5813,entertainment,
7478131,CUST_00059,2010-01-01 15:50:00,18.08,ONLINE,,4121,travel,
7478132,CUST_00098,2010-01-01 15:50:00,43.58,Nashport,OH,5541,fuel,
7478134,CUST_00137,2010-01-01 15:51:00,-68.0,Brookhaven,MS,5499,food,
7478133,CUST_00137,2010-01-01 15:51:00,68.0,Brookhaven,MS,5499,food,
7478135,CUST_00097,2010-01-01 15:51:00,98.07,Highland,WI,3395,travel,
7478136,CUST_00234,2010-01-01 15:51:00,40.0,Randolph,ME,4829,utilities,
7478137,CUST_00025,2010-01-01 15:51:00,-413.0,Houston,TX,3389,travel,
7478139,CUST_00201,2010-01-01 15:52:00,-93.0,Alburtis,PA,5541,fuel,
7478141,CUST_00042,2010-01-01 15:52:00,155.9,Louisville,CO,5912,utilities,
7478142,CUST_00232,2010-01-01 15:53:00,129.62,Brockport,NY,3504,travel,
7478143,CUST_00105,2010-01-01 15:53:00,69.0,Hawarden,IA,5541,fuel,
7478144,CUST_00183,2010-01-01 15:53:00,9.79,ONLINE,,4121,travel,
7478145,CUST_00190,2010-01-01 15:53:00,2.78,Show Low,AZ,5411,food,
7478146,CUST_00025,2010-01-01 15:53:00,71.0,Abbeville,LA,5541,fuel,
7478147,CUST_00038,2010-01-01 15:53:00,12.52,Miami,FL,5411,food,
7478148,CUST_00210,2010-01-01 15:54:00,8.94,Lakeside,CA,5311,shopping,
7478149,CUST_00152,2010-01-01 15:54:00,100.29,Nixa,MO,5912,utilities,
7478150,CUST_00171,2010-01-01 15:54:00,53.17,Brooklyn,NY,5541,fuel,
7478152,CUST_00236,2010-01-01 15:55:00,134.26,Norwalk,OH,3780,travel,
7478153,CUST_00132,2010-01-01 15:55:00,41.37,Danville,NH,5541,fuel,
7478154,CUST_00132,2010-01-01 15:56:00,64.0,Danville,NH,5541,fuel,
7478155,CUST_00162,2010-01-01 15:56:00,1.06,Milwaukee,WI,5499,food,
7478156,CUST_00053,2010-01-01 15:56:00,23.2,Corona,NY,5813,entertainment,
7478157,CUST_00239,2010-01-01 15:57:00,123.7,ONLINE,,4900,utilities,
7478158,CUST_00085,2010-01-01 15:57:00,10.03,Walnut,IA,5541,fuel,
7478159,CUST_00224,2010-01-01 15:57:00,13.12,Tuscaloosa,AL,5814,food,
7478160,CUST_00170,2010-01-01 15:57:00,16.77,Garner,NC,7538,purchase,
7478161,CUST_00289,2010-01-01 15:57:00,23.73,Skiatook,OK,5814,food,
7478163,CUST_00189,2010-01-01 15:57:00,18.94,ONLINE,,4121,travel,
7478164,CUST_00105,2010-01-01 15:57:00,-69.0,Hawarden,IA,5541,fuel,
7478165,CUST_00025,2010-01-01 15:57:00,118.7,Houston,TX,3389,travel,
7478166,CUST_00113,2010-01-01 15:57:00,25.57,Colorado Springs,CO,5651,shopping,
7478167,CUST_00101,2010-01-01 15:57:00,69.92,Indianapolis,IN,5814,food,
7478168,CUST_00249,2010-01-01 15:57:00,0.96,Sarasota,FL,5499,food,
7478169,CUST_00216,2010-01-01 15:57:00,34.06,Louisville,OH,5813,entertainment,
7478170,CUST_00112,2010-01-01 15:58:00,14.63,Mc Bee,SC,5411,food,
7478171,CUST_00123,2010-01-01 15:58:00,54.59,Duluth,MN,7538,purchase,
7478172,CUST_00192,2010-01-01 15:58:00,36.07,Green Lane,PA,4121,travel,
7478173,CUST_00210,2010-01-01 15:59:00,43.54,Tucson,AZ,5499,food,
7478174,CUST_00095,2010-01-01 15:59:00,21.83,Wauconda,IL,5812,food,
7478176,CUST_00171,2010-01-01 15:59:00,-82.0,Brooklyn,NY,5541,fuel,
7478175,CUST_00171,2010-01-01 15:59:00,82.0,Brooklyn,NY,5541,fuel,
7478178,CUST_00173,2010-01-01 16:00:00,80.0,Orlando,FL,4829,utilities,
7478179,CUST_00088,2010-01-01 16:00:00,14.02,Riverside,CA,5310,shopping,
7478180,CUST_00028,2010-01-01 16:00:00,18.07,ONLINE,,4121,travel,
7478181,CUST_00245,2010-01-01 16:00:00,122.03,Atlantic City,NJ,7995,entertainment,
7478182,CUST_00202,2010-01-01 16:01:00,12.64,Little Rock,AR,5411,food,
7478184,CUST_00222,2010-01-01 16:01:00,111.28,Houston,TX,5310,shopping,
7478185,CUST_00121,2010-01-01 16:01:00,18.66,ONLINE,,4121,travel,
7478186,CUST_00275,2010-01-01 16:01:00,492.52,Hampstead,MD,7995,entertainment,
7478187,CUST_00165,2010-01-01 16:02:00,55.08,Greenville,SC,5499,food,
7478188,CUST_00201,2010-01-01 16:02:00,39.98,Zion Grove,PA,7538,purchase,
7478191,CUST_00266,2010-01-01 16:02:00,96.78,Elk Grove,CA,5310,shopping,
7478193,CUST_00201,2010-01-01 16:04:00,-68.0,Alburtis,PA,5499,food,
7478195,CUST_00097,2010-01-01 16:04:00,14.4,Palm Bay,FL,5813,entertainment,
7478198,CUST_00034,2010-01-01 16:05:00,9.14,Brownsville,TX,5541,fuel,
7478200,CUST_00200,2010-01-01 16:06:00,16.08,Eastman,GA,5813,entertainment,
7478202,CUST_00042,2010-01-01 16:07:00,7.05,Iron Mountain,MI,5411,food,
7478203,CUST_00190,2010-01-01 16:07:00,83.44,Tampa,FL,5300,shopping,
7478204,CUST_00251,2010-01-01 16:07:00,10.4,Vatican City,Vatican City,5411,food,
7478206,CUST_00225,2010-01-01 16:07:00,57.0,Conklin,NY,5541,fuel,
7478207,CUST_00026,2010-01-01 16:09:00,19.82,North Richland Hills,TX,5947,shopping,
7478208,CUST_00256,2010-01-01 16:09:00,1.07,Orrville,OH,5499,food,
7478209,CUST_00043,2010-01-01 16:09:00,47.28,Bronx,NY,5211,shopping,
7478211,CUST_00268,2010-01-01 16:10:00,115.12,Russellville,AL,5411,food,
7478212,CUST_00199,2010-01-01 16:10:00,79.8,Grants Pass,OR,5411,food,
7478213,CUST_00101,2010-01-01 16:10:00,29.03,ONLINE,,4784,travel,
7478215,CUST_00268,2010-01-01 16:11:00,101.62,Russellville,AL,5411,food,Insufficient Balance
7478216,CUST_00201,2010-01-01 16:11:00,94.09,Alburtis,PA,5499,food,
7478217,CUST_00280,2010-01-01 16:11:00,89.46,Ford City,PA,5912,utilities,
7478219,CUST_00198,2010-01-01 16:11:00,42.61,ONLINE,,4784,travel,
7478221,CUST_00225,2010-01-01 16:12:00,-57.0,Conklin,NY,5541,fuel,
7478222,CUST_00135,2010-01-01 16:12:00,15.14,ONLINE,,4784,travel,
7478223,CUST_00276,2010-01-01 16:12:00,2.57,Ewa Beach,HI,5499,food,
7478224,CUST_00121,2010-01-01 16:12:00,125.66,Vacaville,CA,7922,entertainment,
7478225,CUST_00147,2010-01-01 16:13:00,102.17,Yorba Linda,CA,5541,fuel,
7478226,CUST_00210,2010-01-01 16:13:00,12.5,Tucson,AZ,5300,shopping,
7478227,CUST_00230,2010-01-01 16:14:00,-381.0,Marysville,OH,3780,travel,
7478228,CUST_00168,2010-01-01 16:14:00,85.9,Jacksonville,FL,5300,shopping,
7478229,CUST_00047,2010-01-01 16:14:00,169.5,Miller Place,NY,5311,shopping,
7478232,CUST_00161,2010-01-01 16:15:00,28.64,ONLINE,,4784,travel,
7478233,CUST_00147,2010-01-01 16:16:00,-86.0,Yorba Linda,CA,5541,fuel,
7478234,CUST_00165,2010-01-01 16:16:00,-96.0,Greenville,SC,5499,food,
7478235,CUST_00224,2010-01-01 16:16:00,79.11,South Lyon,MI,7538,purchase,
7478237,CUST_00042,2010-01-01 16:16:00,149.95,Louisville,CO,5411,food,
7478238,CUST_00146,2010-01-01 16:16:00,27.8,ONLINE,,4121,travel,
7478239,CUST_00053,2010-01-01 16:16:00,23.19,Corona,NY,5813,entertainment,
7478241,CUST_00032,2010-01-01 16:17:00,2.83,ONLINE,,4121,travel,
7478242,CUST_00295,2010-01-01 16:17:00,12.82,Conrath,WI,5541,fuel,
7478243,CUST_00219,2010-01-01 16:17:00,2.05,Monroe,MI,5814,food,
7478244,CUST_00244,2010-01-01 16:18:00,19.33,Gardena,CA,5541,fuel,
7478245,CUST_00147,2010-01-01 16:19:00,86.0,Yorba Linda,CA,5541,fuel,
7478247,CUST_00084,2010-01-01 16:19:00,50.46,Arab,AL,5211,shopping,
7478248,CUST_00225,2010-01-01 16:19:00,38.3,Conklin,NY,5541,fuel,
7478250,CUST_00191,2010-01-01 16:19:00,66.48,Morris Plains,NJ,7538,purchase,
7478251,CUST_00254,2010-01-01 16:19:00,24.63,Lake Forest,CA,4121,travel,
7478252,CUST_00230,2010-01-01 16:20:00,203.29,Marysville,OH,3780,travel,
7478253,CUST_00213,2010-01-01 16:20:00,43.66,ONLINE,,4784,travel,
7478254,CUST_00277,2010-01-01 16:20:00,142.6,Brooklyn,NY,4900,utilities,
7478255,CUST_00221,2010-01-01 16:21:00,100.0,Lonoke,AR,4829,utilities,
7478256,CUST_00046,2010-01-01 16:21:00,60.32,Summit Argo,IL,7538,purchase,
7478257,CUST_00201,2010-01-01 16:21:00,68.0,Alburtis,PA,5499,food,
7478258,CUST_00016,2010-01-01 16:21:00,16.69,Glendale,CA,5977,shopping,
7478259,CUST_00058,2010-01-01 16:21:00,83.4,West Linn,OR,5300,shopping,
7478260,CUST_00005,2010-01-01 16:21:00,44.16,ONLINE,,4784,travel,
7478261,CUST_00139,2010-01-01 16:21:00,65.27,Arcadia,CA,7802,entertainment,
7478262,CUST_00095,2010-01-01 16:21:00,33.22,Wauconda,IL,4121,travel,
7478263,CUST_00185,2010-01-01 16:22:00,1.33,Hull,TX,5499,food,
7478264,CUST_00117,2010-01-01 16:22:00,11.86,Maywood,IL,5411,food,
7478265,CUST_00202,2010-01-01 16:22:00,47.79,Quincy,MA,5310,shopping,
7478266,CUST_00258,2010-01-01 16:22:00,31.12,Bronx,NY,4121,travel,
7478268,CUST_00082,2010-01-01 16:22:00,5.18,Imboden,AR,7538,purchase,
7478269,CUST_00237,2010-01-01 16:22:00,17.05,Abbeville,AL,7832,entertainment,
7478270,CUST_00202,2010-01-01 16:23:00,4.04,Elfers,FL,5921,shopping,
7478272,CUST_00200,2010-01-01 16:24:00,27.72,Port Orange,FL,7832,entertainment,
7478273,CUST_00131,2010-01-01 16:24:00,100.0,Maywood,IL,4829,utilities,
7478274,CUST_00061,2010-01-01 16:24:00,31.67,ONLINE,,4121,travel,
7478275,CUST_00230,2010-01-01 16:24:00,36.45,Round Rock,TX,4121,travel,
7478277,CUST_00165,2010-01-01 16:25:00,96.0,Greenville,SC,5499,food,
7478278,CUST_00241,2010-01-01 16:25:00,24.74,ONLINE,,4121,travel,
7478279,CUST_00157,2010-01-01 16:26:00,22.77,Pensacola,FL,4121,travel,
7478280,CUST_00041,2010-01-01 16:26:00,26.21,ONLINE,,4784,travel,
7478281,CUST_00254,2010-01-01 16:26:00,4.26,Syracuse,NY,5912,utilities,
7478285,CUST_00205,2010-01-01 16:27:00,12.21,Waukegan,IL,7832,entertainment,
7478286,CUST_00026,2010-01-01 16:27:00,24.75,ONLINE,,4784,travel,
7478287,CUST_00097,2010-01-01 16:28:00,86.58,Casper,WY,5651,shopping,
7478288,CUST_00114,2010-01-01 16:29:00,8.81,Indianapolis,IN,5411,food,
7478290,CUST_00097,2010-01-01 16:29:00,120.0,Gillette,WY,4829,utilities,
7478293,CUST_00003,2010-01-01 16:30:00,22.86,ONLINE,,4121,travel,
7478294,CUST_00294,2010-01-01 16:30:00,143.77,Charlotte,NC,5300,shopping,
7478295,CUST_00030,2010-01-01 16:30:00,63.78,Kennett Square,PA,5912,utilities,
7478296,CUST_00026,2010-01-01 16:30:00,-64.0,Gainesville,FL,5499,food,
7478298,CUST_00075,2010-01-01 16:30:00,57.05,Westminster,SC,5411,food,
7478299,CUST_00221,2010-01-01 16:31:00,27.86,ONLINE,,4784,travel,
7478301,CUST_00082,2010-01-01 16:31:00,7.07,Imboden,AR,7538,purchase,
7478302,CUST_00133,2010-01-01 16:32:00,-470.0,Waianae,HI,3730,travel,
7478303,CUST_00039,2010-01-01 16:32:00,40.0,Berea,OH,4829,utilities,
7478304,CUST_00213,2010-01-01 16:32:00,24.13,ONLINE,,4784,travel,
7478305,CUST_00157,2010-01-01 16:32:00,1.13,Novi,MI,5499,food,
7478306,CUST_00010,2010-01-01 16:32:00,35.71,Utica,MI,5499,food,
7478307,CUST_00086,2010-01-01 16:32:00,37.42,ONLINE,,4784,travel,
7478308,CUST_00213,2010-01-01 16:32:00,1.61,Ann Arbor,MI,5499,food,
7478309,CUST_00126,2010-01-01 16:32:00,-92.0,Miami,FL,5499,food,
7478310,CUST_00089,2010-01-01 16:33:00,130.44,Poughkeepsie,NY,5300,shopping,
7478311,CUST_00230,2010-01-01 16:33:00,121.9,Orlando,FL,3390,travel,
7478312,CUST_00155,2010-01-01 16:33:00,254.9,Mount Vernon,NY,5651,shopping,
7478313,CUST_00157,2010-01-01 16:33:00,100.48,Jonesboro,AR,5300,shopping,
7478314,CUST_00088,2010-01-01 16:33:00,14.62,Riverside,CA,5411,food,
7478315,CUST_00114,2010-01-01 16:34:00,6.64,Indianapolis,IN,5411,food,
7478317,CUST_00055,2010-01-01 16:34:00,239.33,Youngstown,NY,5311,shopping,
7478318,CUST_00222,2010-01-01 16:34:00,82.0,Houston,TX,5541,fuel,
7478319,CUST_00147,2010-01-01 16:35:00,109.43,Yorba Linda,CA,5541,fuel,
7478320,CUST_00235,2010-01-01 16:35:00,19.07,Bristol,TN,5813,entertainment,
7478321,CUST_00268,2010-01-01 16:35:00,21.7,ONLINE,,4784,travel,
7478322,CUST_00222,2010-01-01 16:35:00,18.75,Houston,TX,5541,fuel,
7478323,CUST_00082,2010-01-01 16:35:00,699.07,Springboro,OH,3058,travel,
7478324,CUST_00029,2010-01-01 16:35:00,23.13,ONLINE,,4784,travel,
7478325,CUST_00079,2010-01-01 16:36:00,142.63,Lorton,VA,5541,fuel,Insufficient Balance
7478326,CUST_00026,2010-01-01 16:36:00,63.07,Gainesville,FL,5499,food,
7478327,CUST_00050,2010-01-01 16:36:00,46.95,Middletown,NY,5970,shopping,
7478328,CUST_00010,2010-01-01 16:37:00,-96.0,Utica,MI,5499,food,
7478329,CUST_00222,2010-01-01 16:37:00,21.8,Haslett,MI,5411,food,
7478330,CUST_00037,2010-01-01 16:37:00,3.62,Vestal,NY,5541,fuel,
7478331,CUST_00142,2010-01-01 16:37:00,13.35,West Covina,CA,5921,shopping,
7478332,CUST_00133,2010-01-01 16:38:00,266.74,Waianae,HI,3730,travel,
7478333,CUST_00105,2010-01-01 16:38:00,-93.0,Granville,IA,5499,food,
7478334,CUST_00192,2010-01-01 16:38:00,191.77,Green Lane,PA,7011,travel,
7478335,CUST_00295,2010-01-01 16:38:00,33.85,Burke,VA,5814,food,
7478336,CUST_00126,2010-01-01 16:38:00,92.0,Miami,FL,5499,food,
7478337,CUST_00189,2010-01-01 16:38:00,20.0,Corona,CA,4829,utilities,
7478338,CUST_00272,2010-01-01 16:39:00,54.47,Longwood,FL,5300,shopping,
7478339,CUST_00216,2010-01-01 16:39:00,27.23,Belvidere,IL,5311,shopping,
7478340,CUST_00072,2010-01-01 16:39:00,3.22,Inkster,MI,5310,shopping,
7478341,CUST_00144,2010-01-01 16:40:00,-398.0,Susanville,CA,3509,travel,
7478343,CUST_00295,2010-01-01 16:40:00,11.91,ONLINE,,4121,travel,
7478345,CUST_00131,2010-01-01 16:40:00,23.78,Florham Park,NJ,5812,food,
7478346,CUST_00225,2010-01-01 16:41:00,60.0,Cedarburg,WI,4829,utilities,
7478347,CUST_00184,2010-01-01 16:41:00,-86.0,Franklin,WI,5499,food,
7478348,CUST_00040,2010-01-01 16:41:00,4.2,Clovis,CA,5541,fuel,
7478349,CUST_00025,2010-01-01 16:41:00,38.91,ONLINE,,4784,travel,
7478350,CUST_00222,2010-01-01 16:41:00,-82.0,Houston,TX,5541,fuel,
7478351,CUST_00257,2010-01-01 16:41:00,46.41,Milwaukee,WI,5411,food,
7478352,CUST_00227,2010-01-01 16:42:00,2.79,Brooklyn,NY,5411,food,
7478353,CUST_00002,2010-01-01 16:42:00,13.4,Belgrade,ME,5813,entertainment,
7478354,CUST_00079,2010-01-01 16:43:00,96.56,Lorton,VA,5541,fuel,
7478358,CUST_00125,2010-01-01 16:43:00,159.19,Fremont,CA,5719,shopping,
7478359,CUST_00112,2010-01-01 16:43:00,99.0,Cherry Hill,NJ,5541,fuel,
7478360,CUST_00192,2010-01-01 16:43:00,-473.0,Green Lane,PA,7011,travel,
7478361,CUST_00164,2010-01-01 16:44:00,140.0,San Jose,CA,4829,utilities,
7478362,CUST_00065,2010-01-01 16:44:00,37.62,Columbus,OH,5814,food,
7478363,CUST_00058,2010-01-01 16:44:00,29.34,Woodway,TX,5411,food,
7478364,CUST_00136,2010-01-01 16:44:00,19.3,Coshocton,OH,5813,entertainment,
7478365,CUST_00185,2010-01-01 16:44:00,160.0,Bakersfield,CA,4829,utilities,
7478366,CUST_00032,2010-01-01 16:44:00,28.19,ONLINE,,4784,travel,
7478367,CUST_00139,2010-01-01 16:44:00,44.06,ONLINE,,7801,entertainment,
7478368,CUST_00016,2010-01-01 16:44:00,33.15,ONLINE,,4121,travel,
7478369,CUST_00230,2010-01-01 16:45:00,-310.0,Orlando,FL,3390,travel,
7478370,CUST_00049,2010-01-01 16:45:00,38.25,Merrill,WI,5812,food,
7478372,CUST_00153,2010-01-01 16:45:00,4.86,Monterey Park,CA,5411,food,
7478373,CUST_00037,2010-01-01 16:45:00,-58.0,Vestal,NY,5541,fuel,
7478374,CUST_00248,2010-01-01 16:45:00,57.97,Minneapolis,MN,5814,food,
7478375,CUST_00291,2010-01-01 16:46:00,66.6,Canton,NC,5912,utilities,
7478376,CUST_00105,2010-01-01 16:46:00,67.59,Granville,IA,5499,food,
7478377,CUST_00139,2010-01-01 16:47:00,4.24,Lebanon,OR,4121,travel,
7478378,CUST_00216,2010-01-01 16:47:00,56.01,ONLINE,,7801,entertainment,
7478379,CUST_00038,2010-01-01 16:47:00,55.41,Atlantic City,NJ,7995,entertainment,
7478381,CUST_00133,2010-01-01 16:48:00,3.01,Findlay,OH,5411,food,
7478382,CUST_00026,2010-01-01 16:48:00,64.0,Gainesville,FL,5499,food,
7478383,CUST_00156,2010-01-01 16:48:00,24.55,ONLINE,,4784,travel,
7478384,CUST_00027,2010-01-01 16:48:00,2.82,Bozeman,MT,5300,shopping,
7478385,CUST_00017,2010-01-01 16:48:00,86.64,Novi,MI,4900,utilities,
7478386,CUST_00029,2010-01-01 16:48:00,16.76,North Royalton,OH,5411,food,
7478387,CUST_00300,2010-01-01 16:49:00,24.15,Houston,TX,5813,entertainment,
7478388,CUST_00285,2010-01-01 16:49:00,17.14,ONLINE,,7801,entertainment,
7478390,CUST_00184,2010-01-01 16:50:00,33.38,Franklin,WI,5499,food,
7478391,CUST_00022,2010-01-01 16:50:00,11.26,Bernalillo,NM,5814,food,
7478393,CUST_00151,2010-01-01 16:50:00,157.0,Lincoln,IL,5300,shopping,
7478394,CUST_00037,2010-01-01 16:50:00,58.0,Vestal,NY,5541,fuel,
7478395,CUST_00055,2010-01-01 16:50:00,50.68,Fayetteville,NC,7538,purchase,
7478396,CUST_00298,2010-01-01 16:51:00,25.0,ONLINE,,4784,travel,
7478397,CUST_00192,2010-01-01 16:51:00,39.07,New York,NY,4121,travel,
7478399,CUST_00258,2010-01-01 16:51:00,23.64,Bronx,NY,4121,travel,
7478400,CUST_00184,2010-01-01 16:52:00,86.0,Franklin,WI,5499,food,
7478401,CUST_00144,2010-01-01 16:52:00,152.57,Susanville,CA,3509,travel,
7478402,CUST_00269,2010-01-01 16:52:00,203.0,Bladensburg,MD,7011,travel,
7478403,CUST_00281,2010-01-01 16:52:00,0.74,Kerhonkson,NY,5499,food,
7478404,CUST_00219,2010-01-01 16:52:00,1.34,Monroe,MI,5814,food,
7478405,CUST_00187,2010-01-01 16:53:00,91.61,Blackwood,NJ,5411,food,
7478407,CUST_00039,2010-01-01 16:54:00,309.41,ONLINE,,4814,utilities,
7478408,CUST_00248,2010-01-01 16:55:00,80.0,Springfield,MO,4829,utilities,
7478410,CUST_00269,2010-01-01 16:55:00,-295.0,Bladensburg,MD,7011,travel,
7478412,CUST_00126,2010-01-01 16:55:00,28.04,Miami,FL,5499,food,
7478413,CUST_00105,2010-01-01 16:56:00,93.0,Granville,IA,5499,food,
7478415,CUST_00112,2010-01-01 16:56:00,-99.0,Cherry Hill,NJ,5541,fuel,
7478416,CUST_00138,2010-01-01 16:57:00,100.0,Pittsburg,CA,4829,utilities,
7478418,CUST_00137,2010-01-01 16:57:00,18.19,ONLINE,,4784,travel,
7478419,CUST_00112,2010-01-01 16:57:00,90.85,Cherry Hill,NJ,5541,fuel,
7478420,CUST_00276,2010-01-01 16:58:00,22.69,ONLINE,,4784,travel,
7478421,CUST_00185,2010-01-01 16:58:00,43.27,Crestview,FL,7538,purchase,
7478422,CUST_00222,2010-01-01 16:58:00,18.79,Jackson,MS,7230,travel,
7478424,CUST_00002,2010-01-01 16:59:00,3.22,Valdosta,GA,5411,food,
7478426,CUST_00010,2010-01-01 16:59:00,96.0,Utica,MI,5499,food,
7478427,CUST_00198,2010-01-01 16:59:00,35.55,ONLINE,,4784,travel,
7478428,CUST_00013,2010-01-01 16:59:00,100.0,Wooster,OH,4829,utilities,
7478429,CUST_00221,2010-01-01 17:00:00,28.84,ONLINE,,4784,travel,
7478430,CUST_00279,2010-01-01 17:00:00,0.0,Gastonia,NC,4829,utilities,
7478431,CUST_00167,2010-01-01 17:00:00,160.0,Memphis,TN,4829,utilities,
7478432,CUST_00278,2010-01-01 17:00:00,121.17,ONLINE,,7801,entertainment,
7478433,CUST_00294,2010-01-01 17:01:00,135.41,Charlotte,NC,5411,food,
7478434,CUST_00267,2010-01-01 17:01:00,55.83,Pittsford,NY,5812,food,
7478435,CUST_00086,2010-01-01 17:01:00,52.14,ONLINE,,4784,travel,
7478436,CUST_00066,2010-01-01 17:01:00,71.24,Arcadia,CA,7802,entertainment,
7478437,CUST_00040,2010-01-01 17:02:00,27.38,ONLINE,,4121,travel,
7478438,CUST_00130,2010-01-01 17:02:00,4.97,Lake Hopatcong,NJ,5812,food,
7478440,CUST_00072,2010-01-01 17:03:00,21.79,Mesilla Park,NM,5813,entertainment,
7478441,CUST_00199,2010-01-01 17:03:00,98.33,Brooklyn,NY,5912,utilities,
7478442,CUST_00135,2010-01-01 17:03:00,36.91,ONLINE,,4121,travel,
7478443,CUST_00185,2010-01-01 17:04:00,101.24,Hitchcock,TX,7995,entertainment,
7478444,CUST_00047,2010-01-01 17:04:00,147.15,Levittown,NY,5411,food,
7478445,CUST_00238,2010-01-01 17:05:00,122.83,Huntington,WV,4814,utilities,
7478446,CUST_00236,2010-01-01 17:06:00,53.11,Palm Coast,FL,5812,food,
7478447,CUST_00050,2010-01-01 17:06:00,43.42,Ukiah,CA,5814,food,
7478448,CUST_00029,2010-01-01 17:07:00,24.67,ONLINE,,4784,travel,
7478449,CUST_00236,2010-01-01 17:08:00,46.39,Reisterstown,MD,5812,food,
7478451,CUST_00136,2010-01-01 17:08:00,15.6,ONLINE,,4121,travel,
7478452,CUST_00266,2010-01-01 17:08:00,44.82,Kissimmee,FL,7538,purchase,
7478453,CUST_00002,2010-01-01 17:09:00,18.19,Stapleton,GA,5812,food,
7478454,CUST_00086,2010-01-01 17:09:00,75.59,Copiague,NY,5812,food,
7478456,CUST_00165,2010-01-01 17:11:00,105.3,Greenville,SC,5499,food,
7478457,CUST_00268,2010-01-01 17:11:00,35.47,Lyndonville,VT,5814,food,
7478458,CUST_00212,2010-01-01 17:11:00,16.71,Minneapolis,MN,7538,purchase,
7478459,CUST_00219,2010-01-01 17:11:00,1.96,Monroe,MI,5812,food,
7478460,CUST_00114,2010-01-01 17:12:00,27.11,Township Of Washington,NJ,5813,entertainment,
7478461,CUST_00165,2010-01-01 17:13:00,73.0,Greenville,SC,5499,food,
7478462,CUST_00138,2010-01-01 17:13:00,64.91,ONLINE,,4814,utilities,
7478463,CUST_00072,2010-01-01 17:13:00,26.98,Norwalk,CT,5411,food,
7478464,CUST_00204,2010-01-01 17:13:00,38.27,Tonawanda,NY,5812,food,
7478465,CUST_00038,2010-01-01 17:13:00,23.91,West Sunbury,PA,7832,entertainment,
7478466,CUST_00206,2010-01-01 17:13:00,59.83,Miami,FL,5813,entertainment,
7478468,CUST_00003,2010-01-01 17:14:00,44.19,Rainsville,AL,5812,food,
7478470,CUST_00276,2010-01-01 17:14:00,7.48,Ewa Beach,HI,5300,shopping,
7478471,CUST_00185,2010-01-01 17:14:00,42.27,Snohomish,WA,5814,food,
7478473,CUST_00029,2010-01-01 17:15:00,16.34,Black Diamond,WA,5812,food,
7478474,CUST_00050,2010-01-01 17:15:00,67.32,Mount Vernon,NY,5411,food,
7478475,CUST_00149,2010-01-01 17:17:00,100.0,San Antonio,TX,4829,utilities,
7478476,CUST_00285,2010-01-01 17:18:00,18.25,Glendale,AZ,7995,entertainment,
7478478,CUST_00144,2010-01-01 17:19:00,51.08,Webster,TX,5812,food,
7478479,CUST_00218,2010-01-01 17:20:00,53.4,Bothell,WA,5812,food,
7478480,CUST_00179,2010-01-01 17:20:00,41.47,Los Angeles,CA,7832,entertainment,
7478482,CUST_00133,2010-01-01 17:21:00,2.42,Celina,OH,5814,food,
7478483,CUST_00192,2010-01-01 17:21:00,18.47,New York,NY,4121,travel,
7478484,CUST_00174,2010-01-01 17:21:00,71.18,Valley Stream,NY,5812,food,
7478485,CUST_00017,2010-01-01 17:21:00,16.41,Novi,MI,5541,fuel,
7478487,CUST_00165,2010-01-01 17:24:00,-73.0,Greenville,SC,5499,food,
7478488,CUST_00248,2010-01-01 17:24:00,25.61,Bowling Green,KY,5813,entertainment,
7478489,CUST_00298,2010-01-01 17:24:00,27.75,ONLINE,,4784,travel,
7478490,CUST_00213,2010-01-01 17:24:00,2.48,Alpharetta,GA,5499,food,
7478491,CUST_00081,2010-01-01 17:25:00,1309.71,Springboro,OH,3058,travel,
7478492,CUST_00172,2010-01-01 17:25:00,63.07,Pittsburgh,PA,5812,food,
7478493,CUST_00124,2010-01-01 17:25:00,50.51,Brooklyn,NY,5411,food,
7478494,CUST_00010,2010-01-01 17:25:00,35.37,Sterling Heights,MI,5812,food,
7478495,CUST_00089,2010-01-01 17:26:00,73.13,Pleasant Valley,NY,5411,food,
7478496,CUST_00167,2010-01-01 17:26:00,45.64,Donaldsonville,LA,5812,food,
7478497,CUST_00032,2010-01-01 17:26:00,3.3,ONLINE,,4121,travel,
7478498,CUST_00079,2010-01-01 17:28:00,42.72,Holden,ME,5812,food,
7478500,CUST_00202,2010-01-01 17:29:00,60.0,Marvell,AR,4829,utilities,
7478501,CUST_00212,2010-01-01 17:29:00,16.52,ONLINE,,4121,travel,
7478502,CUST_00250,2010-01-01 17:29:00,80.0,Fontana,CA,4829,utilities,
7478503,CUST_00249,2010-01-01 17:30:00,137.87,Sarasota,FL,5411,food,
7478504,CUST_00206,2010-01-01 17:30:00,53.75,Miami,FL,5813,entertainment,
7478506,CUST_00052,2010-01-01 17:31:00,1.58,Wausau,WI,5912,utilities,
7478507,CUST_00292,2010-01-01 17:32:00,57.82,Houston,TX,5541,fuel,
7478508,CUST_00010,2010-01-01 17:32:00,97.0,Sterling Heights,MI,5541,fuel,
7478509,CUST_00137,2010-01-01 17:33:00,108.38,ONLINE,,7801,entertainment,
7478510,CUST_00245,2010-01-01 17:33:00,17.58,Tampa,FL,5300,shopping,
7478511,CUST_00099,2010-01-01 17:34:00,9.69,Fayetteville,NC,5499,food,
7478512,CUST_00017,2010-01-01 17:34:00,114.46,Saint Louis,MO,5814,food,
7478513,CUST_00027,2010-01-01 17:34:00,16.08,Gresham,OR,5921,shopping,
7478514,CUST_00032,2010-01-01 17:34:00,37.72,New Braunfels,TX,5814,food,
7478515,CUST_00239,2010-01-01 17:35:00,22.99,ONLINE,,4121,travel,
7478516,CUST_00292,2010-01-01 17:35:00,-75.0,Houston,TX,5541,fuel,
7478517,CUST_00167,2010-01-01 17:35:00,45.67,Gheens,LA,5812,food,
7478519,CUST_00243,2010-01-01 17:36:00,42.84,Reseda,CA,7832,entertainment,
7478520,CUST_00029,2010-01-01 17:36:00,180.0,Wantagh,NY,4829,utilities,
7478521,CUST_00147,2010-01-01 17:37:00,-98.0,Yorba Linda,CA,5499,food,
7478522,CUST_00280,2010-01-01 17:37:00,17.25,Quincy,FL,5411,food,
7478523,CUST_00221,2010-01-01 17:38:00,27.72,Bastrop,TX,5813,entertainment,
7478524,CUST_00112,2010-01-01 17:38:00,122.06,Jacksonville,IL,4814,utilities,
7478525,CUST_00178,2010-01-01 17:39:00,20.79,Hickory,NC,5812,food,
7478526,CUST_00173,2010-01-01 17:39:00,2.09,Orlando,FL,5499,food,
7478527,CUST_00044,2010-01-01 17:39:00,33.36,Glens Falls,NY,7832,entertainment,
7478529,CUST_00028,2010-01-01 17:40:00,27.71,Hayden,ID,5813,entertainment,
7478530,CUST_00257,2010-01-01 17:40:00,45.32,Elk Grove Village,IL,5813,entertainment,
7478531,CUST_00216,2010-01-01 17:41:00,22.14,Trinidad,CA,5813,entertainment,
7478532,CUST_00232,2010-01-01 17:41:00,132.7,Woodberry Forest,VA,5411,food,
7478533,CUST_00189,2010-01-01 17:41:00,77.25,Pittsburgh,PA,5300,shopping,
7478534,CUST_00032,2010-01-01 17:41:00,8.85,New Braunfels,TX,5541,fuel,
7478536,CUST_00099,2010-01-01 17:42:00,-62.0,Fayetteville,NC,5499,food,
7478537,CUST_00080,2010-01-01 17:42:00,20.49,Las Vegas,NV,5411,food,
7478538,CUST_00242,2010-01-01 17:42:00,99.42,Bessemer,AL,5300,shopping,
7478539,CUST_00285,2010-01-01 17:43:00,16.33,Arcadia,CA,7802,entertainment,
7478540,CUST_00213,2010-01-01 17:43:00,48.57,ONLINE,,4784,travel,
7478541,CUST_00275,2010-01-01 17:43:00,38.48,Elkridge,MD,5812,food,
7478543,CUST_00235,2010-01-01 17:44:00,26.98,ONLINE,,4784,travel,
7478544,CUST_00056,2010-01-01 17:44:00,27.75,Sullivan,MO,5813,entertainment,
7478545,CUST_00114,2010-01-01 17:45:00,34.12,ONLINE,,4784,travel,
7478546,CUST_00277,2010-01-01 17:45:00,28.53,Tiffin,OH,7832,entertainment,
7478547,CUST_00010,2010-01-01 17:45:00,45.73,Sterling Heights,MI,5814,food,
7478548,CUST_00113,2010-01-01 17:45:00,22.45,Clinton,MI,4121,travel,
7478549,CUST_00189,2010-01-01 17:46:00,53.33,Russellton,PA,5300,shopping,
7478550,CUST_00249,2010-01-01 17:46:00,0.72,Sarasota,FL,5499,food,
7478551,CUST_00147,2010-01-01 17:47:00,98.0,Yorba Linda,CA,5499,food,
7478552,CUST_00282,2010-01-01 17:47:00,168.04,ONLINE,,4900,utilities,
7478554,CUST_00293,2010-01-01 17:47:00,52.1,Kahului,HI,5814,food,
7478555,CUST_00074,2010-01-01 17:48:00,26.97,Philadelphia,PA,5812,food,
7478556,CUST_00298,2010-01-01 17:48:00,16.97,ONLINE,,4784,travel,
7478557,CUST_00050,2010-01-01 17:48:00,56.3,Ukiah,CA,5814,food,
7478559,CUST_00295,2010-01-01 17:49:00,1.24,Clifton,NJ,4121,travel,
7478560,CUST_00200,2010-01-01 17:49:00,40.51,Le Mars,IA,7538,purchase,
7478561,CUST_00299,2010-01-01 17:49:00,30.08,Calistoga,CA,5813,entertainment,
7478563,CUST_00123,2010-01-01 17:50:00,10.33,Beaverton,OR,5814,food,Technical Glitch
7478564,CUST_00111,2010-01-01 17:51:00,31.58,Lakeville,MN,5812,food,
7478565,CUST_00042,2010-01-01 17:51:00,209.8,Louisville,CO,5912,utilities,
7478567,CUST_00263,2010-01-01 17:52:00,55.0,Walnut Creek,CA,4814,utilities,
7478568,CUST_00225,2010-01-01 17:53:00,93.73,East Troy,WI,5300,shopping,
7478569,CUST_00147,2010-01-01 17:53:00,123.55,Yorba Linda,CA,5499,food,
7478570,CUST_00178,2010-01-01 17:53:00,67.16,Chipley,FL,5300,shopping,
7478571,CUST_00010,2010-01-01 17:53:00,-97.0,Sterling Heights,MI,5541,fuel,
7478572,CUST_00138,2010-01-01 17:53:00,14.38,Mckeesport,PA,5411,food,
7478573,CUST_00029,2010-01-01 17:53:00,17.33,North Royalton,OH,5411,food,
7478574,CUST_00099,2010-01-01 17:54:00,62.0,Fayetteville,NC,5499,food,
7478575,CUST_00002,2010-01-01 17:54:00,31.96,Lincolnton,GA,5814,food,
7478576,CUST_00010,2010-01-01 17:55:00,27.88,Sterling Heights,MI,5541,fuel,
7478577,CUST_00222,2010-01-01 17:55:00,46.73,Concord,NH,5812,food,
7478580,CUST_00292,2010-01-01 17:57:00,75.0,Houston,TX,5541,fuel,
7478581,CUST_00018,2010-01-01 17:57:00,47.59,Youngstown,OH,5812,food,
7478582,CUST_00254,2010-01-01 17:57:00,17.5,Virginia Beach,VA,7832,entertainment,
7478583,CUST_00026,2010-01-01 17:57:00,35.0,ONLINE,,5311,shopping,
7478584,CUST_00236,2010-01-01 17:58:00,43.43,Cedar Grove,NJ,7832,entertainment,
7478585,CUST_00048,2010-01-01 17:58:00,20.12,ONLINE,,4121,travel,
7478587,CUST_00174,2010-01-01 17:59:00,29.94,Indianapolis,IN,5812,food,
7478588,CUST_00163,2010-01-01 17:59:00,72.53,College Park,MD,5812,food,
7478589,CUST_00269,2010-01-01 17:59:00,49.64,Burke,VA,5813,entertainment,
7478590,CUST_00163,2010-01-01 17:59:00,30.18,ONLINE,,4784,travel,
7478591,CUST_00075,2010-01-01 18:00:00,124.4,ONLINE,,4814,utilities,
7478592,CUST_00222,2010-01-01 18:00:00,85.0,Jackson,MS,5499,food,
7478593,CUST_00017,2010-01-01 18:01:00,63.39,Saint Louis,MO,5814,food,
7478594,CUST_00077,2010-01-01 18:02:00,20.0,Madison,OH,4829,utilities,Insufficient Balance
7478595,CUST_00003,2010-01-01 18:03:00,42.6,Turlock,CA,5814,food,
7478596,CUST_00298,2010-01-01 18:03:00,94.29,Gaithersburg,MD,5541,fuel,
7478597,CUST_00281,2010-01-01 18:03:00,246.12,Suwanee,GA,5719,shopping,
7478599,CUST_00236,2010-01-01 18:04:00,39.63,Rockford,IL,5812,food,
7478600,CUST_00072,2010-01-01 18:04:00,9.93,Mesilla Park,NM,5813,entertainment,
7478601,CUST_00220,2010-01-01 18:04:00,25.06,Kenner,LA,5814,food,
7478602,CUST_00016,2010-01-01 18:04:00,44.33,Middletown,NY,5812,food,
7478603,CUST_00071,2010-01-01 18:04:00,64.51,El Paso,TX,5812,food,
7478604,CUST_00089,2010-01-01 18:05:00,204.35,Canaan,NH,7011,travel,
7478605,CUST_00155,2010-01-01 18:05:00,47.87,Midland,TX,5812,food,
7478606,CUST_00052,2010-01-01 18:06:00,-68.0,Birchwood,WI,5541,fuel,
7478607,CUST_00019,2010-01-01 18:06:00,26.2,Iowa City,IA,5814,food,
7478608,CUST_00055,2010-01-01 18:06:00,41.91,Winterville,NC,5814,food,
7478609,CUST_00141,2010-01-01 18:06:00,29.94,Hamilton,OH,7832,entertainment,
7478610,CUST_00052,2010-01-01 18:07:00,53.1,Birchwood,WI,5541,fuel,
7478611,CUST_00072,2010-01-01 18:07:00,21.32,Norwalk,CT,5921,shopping,
7478613,CUST_00077,2010-01-01 18:08:00,86.71,Louisville,KY,7802,entertainment,
7478614,CUST_00099,2010-01-01 18:09:00,15.33,Waco,TX,5814,food,
7478615,CUST_00222,2010-01-01 18:09:00,33.95,Jackson,MS,5499,food,
7478617,CUST_00014,2010-01-01 18:10:00,63.87,ONLINE,,4784,travel,
7478618,CUST_00191,2010-01-01 18:11:00,3.56,Penn Run,PA,5814,food,
7478619,CUST_00252,2010-01-01 18:11:00,53.19,Lubbock,TX,5814,food,
7478620,CUST_00030,2010-01-01 18:12:00,62.61,Arnold,MO,5812,food,
7478621,CUST_00012,2010-01-01 18:12:00,67.27,North Little Rock,AR,5812,food,
7478622,CUST_00030,2010-01-01 18:13:00,1.34,Barnhart,MO,5499,food,
7478623,CUST_00139,2010-01-01 18:14:00,24.24,ONLINE,,4784,travel,
7478624,CUST_00017,2010-01-01 18:14:00,30.86,Saint Louis,MO,7832,entertainment,
7478626,CUST_00086,2010-01-01 18:14:00,46.36,ONLINE,,4784,travel,
7478627,CUST_00232,2010-01-01 18:14:00,18.45,Lebanon,PA,7832,entertainment,
7478628,CUST_00281,2010-01-01 18:15:00,39.59,Fayetteville,AR,7393,purchase,
7478629,CUST_00185,2010-01-01 18:16:00,100.0,Texas City,TX,4829,utilities,
7478631,CUST_00234,2010-01-01 18:16:00,85.01,Woodland Hills,CA,5814,food,
7478632,CUST_00298,2010-01-01 18:17:00,10.42,Muskegon,MI,5499,food,
7478633,CUST_00124,2010-01-01 18:17:00,49.45,Olympia,WA,5812,food,
7478635,CUST_00256,2010-01-01 18:18:00,13.82,Corpus Christi,TX,5812,food,
7478636,CUST_00098,2010-01-01 18:18:00,18.06,Nashport,OH,5921,shopping,
7478637,CUST_00148,2010-01-01 18:19:00,124.81,Oakland,CA,5812,food,
7478638,CUST_00047,2010-01-01 18:19:00,29.17,Hoagland,IN,5814,food,
7478639,CUST_00163,2010-01-01 18:19:00,79.52,College Park,MD,5812,food,
7478640,CUST_00007,2010-01-01 18:19:00,27.15,Apex,NC,7832,entertainment,
7478641,CUST_00197,2010-01-01 18:19:00,39.1,Fort Lauderdale,FL,5310,shopping,
7478642,CUST_00089,2010-01-01 18:20:00,-313.0,Canaan,NH,7011,travel,
7478643,CUST_00279,2010-01-01 18:20:00,31.32,Concord,NC,7832,entertainment,
7478644,CUST_00189,2010-01-01 18:20:00,14.81,Anaheim,CA,5541,fuel,
7478645,CUST_00052,2010-01-01 18:21:00,68.0,Birchwood,WI,5541,fuel,
7478646,CUST_00105,2010-01-01 18:21:00,43.81,Louisville,MS,5812,food,
7478647,CUST_00222,2010-01-01 18:22:00,-85.0,Jackson,MS,5499,food,
7478648,CUST_00273,2010-01-01 18:23:00,1.47,Morristown,TN,5499,food,
7478649,CUST_00200,2010-01-01 18:23:00,77.74,Le Mars,IA,7995,entertainment,
7478650,CUST_00262,2010-01-01 18:23:00,1.93,Roseville,CA,5499,food,
7478651,CUST_00172,2010-01-01 18:23:00,45.68,Little Rock,AR,5814,food,Insufficient Balance
7478652,CUST_00032,2010-01-01 18:24:00,34.3,Columbia City,IN,5814,food,
7478653,CUST_00134,2010-01-01 18:25:00,37.79,Atlanta,GA,4121,travel,
7478654,CUST_00044,2010-01-01 18:25:00,126.7,Covina,CA,5411,food,
7478655,CUST_00050,2010-01-01 18:25:00,51.31,Ukiah,CA,5814,food,
7478656,CUST_00278,2010-01-01 18:25:00,120.0,Clinton,OH,4829,utilities,
7478657,CUST_00290,2010-01-01 18:26:00,35.95,Richmond,CA,5814,food,
7478658,CUST_00055,2010-01-01 18:26:00,21.67,Mobile,AL,5813,entertainment,
7478659,CUST_00077,2010-01-01 18:27:00,20.0,Madison,OH,4829,utilities,
7478660,CUST_00009,2010-01-01 18:27:00,16.42,Fullerton,NE,5813,entertainment,
7478661,CUST_00061,2010-01-01 18:27:00,13.98,Austin,TX,5812,food,
7478663,CUST_00172,2010-01-01 18:29:00,37.3,Little Rock,AR,5814,food,
7478664,CUST_00032,2010-01-01 18:30:00,50.4,Columbia City,IN,5812,food,
7478666,CUST_00137,2010-01-01 18:31:00,116.17,Hallandale,FL,7802,entertainment,
7478667,CUST_00047,2010-01-01 18:32:00,106.54,Southold,NY,3722,travel,
7478668,CUST_00222,2010-01-01 18:32:00,11.87,ONLINE,,5815,food,
7478672,CUST_00124,2010-01-01 18:33:00,24.51,Olympia,WA,5541,fuel,
7478673,CUST_00221,2010-01-01 18:33:00,28.37,Baldwin Park,CA,5812,food,
7478674,CUST_00198,2010-01-01 18:33:00,48.1,Rego Park,NY,5812,food,
7478675,CUST_00207,2010-01-01 18:33:00,48.54,Thomson,GA,7538,purchase,
7478676,CUST_00175,2010-01-01 18:34:00,14.74,ONLINE,,4121,travel,
7478678,CUST_00216,2010-01-01 18:35:00,38.06,Trinidad,CA,5812,food,
7478681,CUST_00041,2010-01-01 18:35:00,61.69,Indianapolis,IN,5812,food,
7478682,CUST_00245,2010-01-01 18:35:00,14.68,ONLINE,,4900,utilities,
7478683,CUST_00114,2010-01-01 18:36:00,15.37,ONLINE,,4784,travel,
7478684,CUST_00101,2010-01-01 18:36:00,8.29,Defiance,OH,5813,entertainment,
7478685,CUST_00075,2010-01-01 18:36:00,40.0,Fresno,CA,4829,utilities,
7478686,CUST_00014,2010-01-01 18:36:00,38.11,Edinburgh,IN,5812,food,
7478687,CUST_00243,2010-01-01 18:36:00,1.57,Van Alstyne,TX,5812,food,
7478688,CUST_00035,2010-01-01 18:36:00,-51.0,Acworth,GA,5499,food,
7478689,CUST_00039,2010-01-01 18:36:00,15.75,Carrollton,TX,5411,food,
7478691,CUST_00284,2010-01-01 18:37:00,50.35,Grand Prairie,TX,5814,food,
7478692,CUST_00256,2010-01-01 18:37:00,88.68,Orrville,OH,5912,utilities,
7478693,CUST_00158,2010-01-01 18:37:00,1.85,East Peoria,IL,5499,food,
7478694,CUST_00298,2010-01-01 18:37:00,95.82,ONLINE,,5311,shopping,
7478695,CUST_00164,2010-01-01 18:38:00,100.0,San Jose,CA,4829,utilities,
7478696,CUST_00033,2010-01-01 18:38:00,34.18,Depew,NY,7832,entertainment,
7478698,CUST_00210,2010-01-01 18:38:00,110.08,Chicago,IL,5411,food,
7478700,CUST_00295,2010-01-01 18:39:00,80.0,Chicago,IL,4829,utilities,
7478701,CUST_00123,2010-01-01 18:39:00,81.13,Monroe,NC,5812,food,
7478702,CUST_00043,2010-01-01 18:39:00,57.86,Putnam Valley,NY,5812,food,
7478705,CUST_00077,2010-01-01 18:40:00,20.0,Madison,OH,4829,utilities,
7478706,CUST_00082,2010-01-01 18:40:00,32.31,Myrtle Beach,SC,5812,food,
7478707,CUST_00025,2010-01-01 18:40:00,7.47,New Brunswick,NJ,5411,food,
7478708,CUST_00047,2010-01-01 18:40:00,-280.0,Southold,NY,3722,travel,
7478709,CUST_00221,2010-01-01 18:41:00,2.18,North Hollywood,CA,5411,food,
7478710,CUST_00086,2010-01-01 18:41:00,23.05,ONLINE,,4784,travel,
7478712,CUST_00252,2010-01-01 18:42:00,46.69,Lubbock,TX,5814,food,
7478715,CUST_00147,2010-01-01 18:44:00,1.92,Yorba Linda,CA,5499,food,
7478716,CUST_00025,2010-01-01 18:44:00,12.29,Whitehouse Station,NJ,5541,fuel,
7478717,CUST_00163,2010-01-01 18:45:00,5.36,El Paso,TX,5813,entertainment,
7478718,CUST_00073,2010-01-01 18:45:00,29.63,Blythe,GA,7832,entertainment,
7478719,CUST_00125,2010-01-01 18:45:00,86.43,San Francisco,CA,5541,fuel,
7478720,CUST_00230,2010-01-01 18:45:00,21.33,ONLINE,,4121,travel,
7478721,CUST_00253,2010-01-01 18:46:00,31.76,Fontana,CA,5499,food,
7478722,CUST_00091,2010-01-01 18:46:00,30.09,Houston,TX,5814,food,
7478723,CUST_00172,2010-01-01 18:46:00,145.24,Pittsburgh,PA,5300,shopping,
7478725,CUST_00003,2010-01-01 18:47:00,1.14,Lordsburg,NM,5499,food,
7478726,CUST_00283,2010-01-01 18:47:00,74.68,Saint Charles,IL,5812,food,
7478727,CUST_00280,2010-01-01 18:47:00,13.31,ONLINE,,4121,travel,
7478728,CUST_00035,2010-01-01 18:47:00,51.0,Acworth,GA,5499,food,
7478729,CUST_00126,2010-01-01 18:47:00,57.56,Little Neck,NY,5812,food,
7478730,CUST_00253,2010-01-01 18:48:00,-83.0,Fontana,CA,5499,food,
7478731,CUST_00028,2010-01-01 18:48:00,213.36,Oceanside,NY,7995,entertainment,
7478732,CUST_00035,2010-01-01 18:48:00,48.16,Acworth,GA,5499,food,
7478733,CUST_00087,2010-01-01 18:48:00,39.44,La Grange,IL,5812,food,
7478734,CUST_00018,2010-01-01 18:49:00,93.42,ONLINE,,4899,utilities,
7478735,CUST_00271,2010-01-01 18:50:00,50.06,ONLINE,,4121,travel,
7478736,CUST_00286,2010-01-01 18:50:00,81.46,Portland,OR,5812,food,
7478737,CUST_00054,2010-01-01 18:50:00,15.95,Virginia Beach,VA,5411,food,
7478738,CUST_00086,2010-01-01 18:51:00,43.66,Huntington,WV,5812,food,
7478739,CUST_00151,2010-01-01 18:51:00,41.45,Fredericksburg,OH,4814,utilities,
7478740,CUST_00141,2010-01-01 18:51:00,1.19,Statesville,NC,5499,food,
7478741,CUST_00072,2010-01-01 18:51:00,40.71,Pittsburgh,PA,5814,food,
7478743,CUST_00183,2010-01-01 18:52:00,10.24,ONLINE,,4121,travel,
7478746,CUST_00112,2010-01-01 18:54:00,19.12,Saluda,SC,7832,entertainment,
7478747,CUST_00124,2010-01-01 18:54:00,59.0,Olympia,WA,5541,fuel,
7478749,CUST_00155,2010-01-01 18:54:00,55.35,Midland,TX,5814,food,
7478750,CUST_00102,2010-01-01 18:54:00,76.07,Knoxville,TN,7538,purchase,
7478751,CUST_00299,2010-01-01 18:55:00,27.47,Waukegan,IL,7832,entertainment,
7478752,CUST_00189,2010-01-01 18:55:00,42.32,Ashland,KY,5812,food,
7478753,CUST_00281,2010-01-01 18:55:00,16.18,Glasco,NY,5814,food,
7478754,CUST_00124,2010-01-01 18:56:00,-59.0,Olympia,WA,5541,fuel,
7478755,CUST_00197,2010-01-01 18:56:00,52.29,Oceanside,CA,7538,purchase,
7478756,CUST_00014,2010-01-01 18:56:00,52.95,Somerville,MA,5813,entertainment,
7478757,CUST_00277,2010-01-01 18:56:00,42.07,Bowling Green,KY,5812,food,
7478758,CUST_00174,2010-01-01 18:57:00,141.18,ONLINE,,4900,utilities,
7478759,CUST_00253,2010-01-01 18:57:00,83.0,Fontana,CA,5499,food,
7478760,CUST_00008,2010-01-01 18:57:00,52.85,Coushatta,LA,5814,food,
7478762,CUST_00091,2010-01-01 18:59:00,266.55,Elmont,NY,7802,entertainment,
7478763,CUST_00221,2010-01-01 19:00:00,2.41,North Hollywood,CA,5411,food,
7478764,CUST_00252,2010-01-01 19:00:00,37.68,Menasha,WI,5193,purchase,
7478765,CUST_00230,2010-01-01 19:00:00,35.06,Round Rock,TX,4121,travel,
7478766,CUST_00032,2010-01-01 19:01:00,32.98,Fort Myers,FL,5812,food,
7478767,CUST_00126,2010-01-01 19:01:00,27.88,ONLINE,,4784,travel,
7478768,CUST_00036,2010-01-01 19:01:00,-94.0,Paragould,AR,5541,fuel,
7478769,CUST_00002,2010-01-01 19:02:00,53.39,ONLINE,,4784,travel,
7478770,CUST_00284,2010-01-01 19:04:00,77.9,Prairieville,LA,5812,food,
7478771,CUST_00007,2010-01-01 19:04:00,30.91,Newark,DE,4121,travel,
7478772,CUST_00237,2010-01-01 19:04:00,25.18,Cedar Grove,NJ,7832,entertainment,
7478773,CUST_00180,2010-01-01 19:05:00,22.2,Fayetteville,AR,7393,purchase,
7478774,CUST_00100,2010-01-01 19:05:00,20.1,Chicago,IL,5814,food,
7478775,CUST_00026,2010-01-01 19:05:00,28.12,ONLINE,,4784,travel,
7478776,CUST_00074,2010-01-01 19:06:00,17.49,ONLINE,,4121,travel,
7478777,CUST_00162,2010-01-01 19:06:00,25.73,Clarkston,GA,7832,entertainment,
7478780,CUST_00003,2010-01-01 19:07:00,75.49,Withee,WI,5812,food,
7478781,CUST_00249,2010-01-01 19:07:00,44.05,Melbourne,FL,5812,food,
7478782,CUST_00232,2010-01-01 19:08:00,49.98,Tucson,AZ,5719,shopping,
7478784,CUST_00045,2010-01-01 19:08:00,36.63,ONLINE,,4784,travel,
7478786,CUST_00051,2010-01-01 19:10:00,21.5,Hendersonville,NC,5541,fuel,
7478787,CUST_00139,2010-01-01 19:11:00,61.55,Waianae,HI,5621,shopping,
7478788,CUST_00035,2010-01-01 19:11:00,39.11,Acworth,GA,5541,fuel,Insufficient Balance
7478790,CUST_00084,2010-01-01 19:12:00,59.1,ONLINE,,7801,entertainment,
7478791,CUST_00035,2010-01-01 19:12:00,39.11,Acworth,GA,5541,fuel,Insufficient Balance
7478792,CUST_00288,2010-01-01 19:13:00,46.1,Kingsville,TX,5812,food,
7478794,CUST_00254,2010-01-01 19:13:00,9.3,El Monte,CA,5912,utilities,
7478795,CUST_00234,2010-01-01 19:13:00,54.35,Aurora,CO,5812,food,
7478796,CUST_00100,2010-01-01 19:14:00,18.5,Chicago,IL,7538,purchase,
7478797,CUST_00082,2010-01-01 19:14:00,42.83,Myrtle Beach,SC,5812,food,
7478798,CUST_00298,2010-01-01 19:14:00,109.23,Washington Grove,MD,5814,food,
7478799,CUST_00020,2010-01-01 19:14:00,78.92,Chantilly,VA,5812,food,
7478800,CUST_00243,2010-01-01 19:14:00,1.24,Van Alstyne,TX,5812,food,
7478801,CUST_00036,2010-01-01 19:14:00,94.0,Paragould,AR,5541,fuel,
7478802,CUST_00036,2010-01-01 19:14:00,3.28,Paragould,AR,5541,fuel,
7478803,CUST_00008,2010-01-01 19:15:00,62.71,Coushatta,LA,5814,food,
7478804,CUST_00287,2010-01-01 19:15:00,186.19,South Bend,IN,4814,utilities,
7478805,CUST_00141,2010-01-01 19:15:00,29.04,Foxboro,MA,5812,food,
7478806,CUST_00036,2010-01-01 19:16:00,65.07,Albany,NY,5814,food,
7478807,CUST_00035,2010-01-01 19:16:00,69.0,Acworth,GA,5541,fuel,
7478808,CUST_00073,2010-01-01 19:16:00,73.21,Highlands,NC,5411,food,
7478809,CUST_00029,2010-01-01 19:17:00,108.26,League City,TX,5411,food,
7478810,CUST_00228,2010-01-01 19:17:00,1.44,Columbus,OH,5499,food,
7478811,CUST_00255,2010-01-01 19:17:00,20.06,Eastlake,OH,5813,entertainment,
7478812,CUST_00035,2010-01-01 19:17:00,48.17,Acworth,GA,5812,food,
7478813,CUST_00091,2010-01-01 19:18:00,11.42,Vincentown,NJ,4121,travel,
7478814,CUST_00152,2010-01-01 19:18:00,42.29,Chula Vista,CA,5814,food,
7478815,CUST_00210,2010-01-01 19:19:00,80.0,Malta,MT,4829,utilities,
7478816,CUST_00167,2010-01-01 19:19:00,183.4,Blackwood,NJ,5300,shopping,
7478817,CUST_00014,2010-01-01 19:20:00,128.57,Somerville,MA,7538,purchase,
7478818,CUST_00078,2010-01-01 19:20:00,68.82,Bell Gardens,CA,5300,shopping,
7478819,CUST_00300,2010-01-01 19:21:00,39.66,Houston,TX,7832,entertainment,
7478821,CUST_00035,2010-01-01 19:22:00,74.0,Acworth,GA,5541,fuel,
7478822,CUST_00263,2010-01-01 19:22:00,100.0,Barbourville,KY,4829,utilities,
7478824,CUST_00037,2010-01-01 19:23:00,52.25,Binghamton,NY,7832,entertainment,
7478825,CUST_00195,2010-01-01 19:24:00,4.97,Terre Haute,IN,5812,food,
7478826,CUST_00258,2010-01-01 19:24:00,13.99,San Diego,CA,5813,entertainment,
7478827,CUST_00053,2010-01-01 19:24:00,16.92,Miami,FL,7832,entertainment,
7478829,CUST_00035,2010-01-01 19:24:00,-74.0,Acworth,GA,5541,fuel,
7478830,CUST_00280,2010-01-01 19:25:00,17.59,ONLINE,,4121,travel,
7478831,CUST_00240,2010-01-01 19:27:00,41.41,Elizabeth,NJ,5814,food,
7478832,CUST_00045,2010-01-01 19:27:00,132.4,ONLINE,,7922,entertainment,
7478833,CUST_00178,2010-01-01 19:28:00,23.94,Hickory,NC,5812,food,
7478834,CUST_00224,2010-01-01 19:28:00,410.91,ONLINE,,4899,utilities,
7478835,CUST_00035,2010-01-01 19:28:00,-69.0,Acworth,GA,5541,fuel,
7478836,CUST_00183,2010-01-01 19:29:00,8.0,ONLINE,,4121,travel,
7478837,CUST_00279,2010-01-01 19:29:00,120.0,Louisville,CO,4829,utilities,
7478840,CUST_00254,2010-01-01 19:30:00,43.45,Rancho Cucamonga,CA,5812,food,
7478841,CUST_00099,2010-01-01 19:32:00,56.0,Frankfort,IN,5499,food,
7478842,CUST_00184,2010-01-01 19:33:00,18.72,Los Altos,CA,4121,travel,
7478843,CUST_00211,2010-01-01 19:34:00,76.04,Lake Charles,LA,5411,food,
7478844,CUST_00002,2010-01-01 19:34:00,27.26,ONLINE,,4784,travel,
7478845,CUST_00238,2010-01-01 19:34:00,54.34,Beaver,WV,5812,food,
7478846,CUST_00258,2010-01-01 19:34:00,13.82,San Diego,CA,5813,entertainment,
7478847,CUST_00057,2010-01-01 19:34:00,94.48,Rio Rico,AZ,4900,utilities,
7478848,CUST_00144,2010-01-01 19:34:00,69.05,Savage,MN,5499,food,
7478849,CUST_00042,2010-01-01 19:35:00,74.56,Louisville,KY,5812,food,
7478850,CUST_00065,2010-01-01 19:35:00,12.01,Columbus,OH,5813,entertainment,
7478851,CUST_00139,2010-01-01 19:35:00,55.08,ONLINE,,7801,entertainment,
7478852,CUST_00295,2010-01-01 19:36:00,39.98,Clifton,NJ,5813,entertainment,
7478853,CUST_00089,2010-01-01 19:36:00,47.53,Salt Point,NY,5812,food,
7478854,CUST_00105,2010-01-01 19:36:00,57.0,Hawarden,IA,5541,fuel,
7478855,CUST_00039,2010-01-01 19:36:00,143.7,ONLINE,,4814,utilities,
7478856,CUST_00022,2010-01-01 19:36:00,20.46,Newport,KY,5812,food,
7478857,CUST_00087,2010-01-01 19:37:00,19.72,Reidsville,NC,5813,entertainment,
7478858,CUST_00232,2010-01-01 19:37:00,-152.0,North Chili,NY,3359,travel,
7478859,CUST_00113,2010-01-01 19:37:00,25.17,Colorado Springs,CO,5814,food,
7478860,CUST_00099,2010-01-01 19:38:00,52.44,Frankfort,IN,5499,food,
7478861,CUST_00192,2010-01-01 19:39:00,7.78,Scarborough,ME,5812,food,
7478862,CUST_00105,2010-01-01 19:39:00,48.21,Hawarden,IA,5541,fuel,
7478863,CUST_00285,2010-01-01 19:39:00,142.35,Stamford,CT,7538,purchase,
7478865,CUST_00196,2010-01-01 19:39:00,80.0,Atlanta,GA,4829,utilities,
7478866,CUST_00122,2010-01-01 19:40:00,35.11,Woodbridge,VA,7832,entertainment,Bad PIN
7478867,CUST_00237,2010-01-01 19:40:00,28.83,Cedar Rapids,IA,5814,food,
7478868,CUST_00133,2010-01-01 19:40:00,25.23,Camillus,NY,5814,food,
7478869,CUST_00099,2010-01-01 19:41:00,-56.0,Frankfort,IN,5499,food,
7478870,CUST_00043,2010-01-01 19:41:00,21.69,ONLINE,,4121,travel,
7478872,CUST_00283,2010-01-01 19:42:00,56.19,ONLINE,,5651,shopping,
7478874,CUST_00048,2010-01-01 19:42:00,10.4,Lawrence,KS,5814,food,
7478875,CUST_00239,2010-01-01 19:42:00,82.44,Schenectady,NY,4900,utilities,
7478877,CUST_00035,2010-01-01 19:45:00,39.81,Acworth,GA,5499,food,
7478878,CUST_00144,2010-01-01 19:45:00,-55.0,Savage,MN,5499,food,
7478879,CUST_00045,2010-01-01 19:46:00,1.96,Meridian,MS,5499,food,
7478880,CUST_00105,2010-01-01 19:46:00,-57.0,Hawarden,IA,5541,fuel,
7478882,CUST_00132,2010-01-01 19:47:00,21.15,Clinton,TN,5812,food,
7478883,CUST_00035,2010-01-01 19:47:00,60.0,Acworth,GA,5499,food,
7478884,CUST_00035,2010-01-01 19:48:00,-60.0,Acworth,GA,5499,food,
7478886,CUST_00058,2010-01-01 19:50:00,80.73,Brownwood,TX,5812,food,
7478887,CUST_00242,2010-01-01 19:50:00,84.83,Clanton,AL,5311,shopping,
7478888,CUST_00243,2010-01-01 19:50:00,2.15,Van Alstyne,TX,5812,food,
7478889,CUST_00242,2010-01-01 19:50:00,81.49,Miltona,MN,7538,purchase,
7478890,CUST_00052,2010-01-01 19:51:00,46.63,Barron,WI,5812,food,
7478891,CUST_00175,2010-01-01 19:51:00,49.01,Levittown,PA,5812,food,
7478892,CUST_00010,2010-01-01 19:51:00,25.19,Fort Gibson,OK,5813,entertainment,
7478893,CUST_00013,2010-01-01 19:51:00,25.8,Tucker,GA,5814,food,
7478894,CUST_00061,2010-01-01 19:51:00,49.61,Austin,TX,5812,food,
7478896,CUST_00070,2010-01-01 19:51:00,25.42,Indianapolis,IN,5814,food,
7478897,CUST_00157,2010-01-01 19:51:00,40.58,Sherman,TX,5812,food,
7478900,CUST_00230,2010-01-01 19:52:00,33.64,ONLINE,,4784,travel,
7478901,CUST_00032,2010-01-01 19:52:00,40.0,Lagrange,IN,4829,utilities,
7478903,CUST_00284,2010-01-01 19:53:00,41.73,Prairieville,LA,5812,food,
7478904,CUST_00248,2010-01-01 19:54:00,4.28,Middleton,WI,5411,food,
7478906,CUST_00031,2010-01-01 19:54:00,390.17,Atlantic City,NJ,7995,entertainment,
7478907,CUST_00285,2010-01-01 19:55:00,150.21,Wilton,CT,5812,food,Technical Glitch
7478908,CUST_00222,2010-01-01 19:55:00,18.12,Houston,TX,5411,food,
7478909,CUST_00276,2010-01-01 19:55:00,27.61,ONLINE,,7922,entertainment,
7478911,CUST_00122,2010-01-01 19:56:00,21.29,Woodbridge,VA,7832,entertainment,
7478912,CUST_00167,2010-01-01 19:56:00,108.93,Morristown,NJ,5812,food,
